code,zip_file,市区町村名,地番
26101,26101-1300-48.zip,京都市北区,14
26101,26101-1300-48.zip,京都市北区,14-41
26101,26101-1300-48.zip,京都市北区,14-42
26101,26101-1300-48.zip,京都市北区,15-2
26101,26101-1300-48.zip,京都市北区,15-3
26101,26101-1300-48.zip,京都市北区,15-14
26101,26101-1300-48.zip,京都市北区,15-15
26101,26101-1300-48.zip,京都市北区,22-1
26101,26101-1300-48.zip,京都市北区,22-2
26101,26101-1300-48.zip,京都市北区,22-3
26101,26101-1300-48.zip,京都市北区,22-6
26101,26101-1300-48.zip,京都市北区,22-7
26101,26101-1300-48.zip,京都市北区,22-132
26101,26101-1300-48.zip,京都市北区,22-8
26101,26101-1300-48.zip,京都市北区,22-133
26101,26101-1300-48.zip,京都市北区,22-23
26101,26101-1300-48.zip,京都市北区,22-24
26101,26101-1300-48.zip,京都市北区,22-37
26101,26101-1300-48.zip,京都市北区,22-38
26101,26101-1300-48.zip,京都市北区,22-9
26101,26101-1300-48.zip,京都市北区,22-49
26101,26101-1300-48.zip,京都市北区,22-51
26101,26101-1300-48.zip,京都市北区,22-52
26101,26101-1300-48.zip,京都市北区,22-53
26101,26101-1300-48.zip,京都市北区,22-54
26101,26101-1300-48.zip,京都市北区,22-55
26101,26101-1300-48.zip,京都市北区,22-56
26101,26101-1300-48.zip,京都市北区,22-57
26101,26101-1300-48.zip,京都市北区,22-58
26101,26101-1300-48.zip,京都市北区,22-64
26101,26101-1300-48.zip,京都市北区,29
26101,26101-1300-48.zip,京都市北区,22-68
26101,26101-1300-48.zip,京都市北区,22-69
26101,26101-1300-48.zip,京都市北区,22-70
26101,26101-1300-48.zip,京都市北区,29-1
26101,26101-1300-48.zip,京都市北区,29-5
26101,26101-1300-48.zip,京都市北区,29-2
26101,26101-1300-48.zip,京都市北区,29-7
26101,26101-1300-48.zip,京都市北区,29-3
26101,26101-1300-48.zip,京都市北区,29-6
26101,26101-1300-48.zip,京都市北区,29-4
26101,26101-1300-48.zip,京都市北区,22-75
26101,26101-1300-48.zip,京都市北区,42-1
26101,26101-1300-48.zip,京都市北区,22-80
26101,26101-1300-48.zip,京都市北区,22-81
26101,26101-1300-48.zip,京都市北区,22-82
26101,26101-1300-48.zip,京都市北区,42-3
26101,26101-1300-48.zip,京都市北区,22-89
26101,26101-1300-48.zip,京都市北区,22-90
26101,26101-1300-48.zip,京都市北区,22-91
26101,26101-1300-48.zip,京都市北区,22-92
26101,26101-1300-48.zip,京都市北区,42-6
26101,26101-1300-48.zip,京都市北区,22-93
26101,26101-1300-48.zip,京都市北区,22-94
26101,26101-1300-48.zip,京都市北区,44
26101,26101-1300-48.zip,京都市北区,44-10
26101,26101-1300-48.zip,京都市北区,22-95
26101,26101-1300-48.zip,京都市北区,44-2
26101,26101-1300-48.zip,京都市北区,44-9
26101,26101-1300-48.zip,京都市北区,22-96
26101,26101-1300-48.zip,京都市北区,44-3
26101,26101-1300-48.zip,京都市北区,22-97
26101,26101-1300-48.zip,京都市北区,22-98
26101,26101-1300-48.zip,京都市北区,44-6
26101,26101-1300-48.zip,京都市北区,44-8
26101,26101-1300-48.zip,京都市北区,22-99
26101,26101-1300-48.zip,京都市北区,22-101
26101,26101-1300-48.zip,京都市北区,22-108
26101,26101-1300-48.zip,京都市北区,22-109
26101,26101-1300-48.zip,京都市北区,22-110
26101,26101-1300-48.zip,京都市北区,22-111
26101,26101-1300-48.zip,京都市北区,22-112
26101,26101-1300-48.zip,京都市北区,22-113
26101,26101-1300-48.zip,京都市北区,22-114
26101,26101-1300-48.zip,京都市北区,22-115
26101,26101-1300-48.zip,京都市北区,22-116
26101,26101-1300-48.zip,京都市北区,22-117
26101,26101-1300-48.zip,京都市北区,22-118
26101,26101-1300-48.zip,京都市北区,48-3
26101,26101-1300-48.zip,京都市北区,48-8
26101,26101-1300-48.zip,京都市北区,48-4
26101,26101-1300-48.zip,京都市北区,48-9
26101,26101-1300-48.zip,京都市北区,50-13
26101,26101-1300-48.zip,京都市北区,50-29
26101,26101-1300-48.zip,京都市北区,50-15
26101,26101-1300-48.zip,京都市北区,51
26101,26101-1300-48.zip,京都市北区,51-6
26101,26101-1300-48.zip,京都市北区,51-7
26101,26101-1300-48.zip,京都市北区,64
26101,26101-1300-48.zip,京都市北区,67
26101,26101-1300-48.zip,京都市北区,68
26101,26101-1300-48.zip,京都市北区,69
26101,26101-1300-48.zip,京都市北区,70
26101,26101-1300-48.zip,京都市北区,71
26101,26101-1300-48.zip,京都市北区,4-1
26101,26101-1300-48.zip,京都市北区,4-2
26101,26101-1300-48.zip,京都市北区,4-7
26101,26101-1300-48.zip,京都市北区,4-8
26101,26101-1300-48.zip,京都市北区,4-9
26101,26101-1300-48.zip,京都市北区,4-41
26101,26101-1300-48.zip,京都市北区,4-30
26101,26101-1300-48.zip,京都市北区,4-32
26101,26101-1300-48.zip,京都市北区,4-33
26101,26101-1300-48.zip,京都市北区,68-10
26101,26101-1300-48.zip,京都市北区,68-11
26101,26101-1300-48.zip,京都市北区,68-36
26101,26101-1300-48.zip,京都市北区,68-12
26101,26101-1300-48.zip,京都市北区,68-13
26101,26101-1300-48.zip,京都市北区,68-19
26101,26101-1300-48.zip,京都市北区,68-20
26101,26101-1300-48.zip,京都市北区,68-24
26101,26101-1300-48.zip,京都市北区,68-25
26101,26101-1300-48.zip,京都市北区,68-27
26101,26101-1300-48.zip,京都市北区,81
26101,26101-1300-48.zip,京都市北区,2
26101,26101-1300-48.zip,京都市北区,3
26101,26101-1300-48.zip,京都市北区,5
26101,26101-1300-48.zip,京都市北区,6-3
26101,26101-1300-48.zip,京都市北区,24-1
26101,26101-1300-48.zip,京都市北区,24-5
26101,26101-1300-48.zip,京都市北区,24-6
26101,26101-1300-48.zip,京都市北区,24-13
26101,26101-1300-48.zip,京都市北区,24-15
26101,26101-1300-48.zip,京都市北区,24-16
26101,26101-1300-48.zip,京都市北区,24-79
26101,26101-1300-48.zip,京都市北区,24-17
26101,26101-1300-48.zip,京都市北区,24-18
26101,26101-1300-48.zip,京都市北区,24-19
26101,26101-1300-48.zip,京都市北区,24-27
26101,26101-1300-48.zip,京都市北区,24-28
26101,26101-1300-48.zip,京都市北区,24-29
26101,26101-1300-48.zip,京都市北区,24-30
26101,26101-1300-48.zip,京都市北区,24-31
26101,26101-1300-48.zip,京都市北区,24-42
26101,26101-1300-48.zip,京都市北区,24-44
26101,26101-1300-48.zip,京都市北区,24-62
26101,26101-1300-48.zip,京都市北区,24-63
26101,26101-1300-48.zip,京都市北区,24-64
26101,26101-1300-48.zip,京都市北区,24-65
26101,26101-1300-48.zip,京都市北区,24-66
26101,26101-1300-48.zip,京都市北区,24-67
26101,26101-1300-48.zip,京都市北区,24-68
26101,26101-1300-48.zip,京都市北区,24-76
26101,26101-1300-48.zip,京都市北区,24-43
26101,26101-1300-48.zip,京都市北区,24-41
26101,26101-1300-48.zip,京都市北区,68-14
26101,26101-1300-48.zip,京都市北区,68-16
26101,26101-1300-48.zip,京都市北区,51-8
26101,26101-1300-48.zip,京都市北区,51-10
26101,26101-1300-48.zip,京都市北区,24-78
26101,26101-1300-48.zip,京都市北区,24-80
26101,26101-1300-48.zip,京都市北区,22-41
26101,26101-1300-48.zip,京都市北区,22-141
26101,26101-1300-48.zip,京都市北区,22-42
26101,26101-1300-48.zip,京都市北区,22-142
26101,26101-1300-48.zip,京都市北区,22-143
26101,26101-1300-48.zip,京都市北区,22-144
26101,26101-1300-48.zip,京都市北区,22-5
26101,26101-1300-48.zip,京都市北区,22-10
26101,26101-1300-48.zip,京都市北区,24-77
26101,26101-1300-48.zip,京都市北区,24-83
26101,26101-1300-48.zip,京都市北区,24-75
26101,26101-1300-48.zip,京都市北区,24-14
26101,26101-1300-48.zip,京都市北区,86
26101,26101-1300-48.zip,京都市北区,4-3
26101,26101-1300-48.zip,京都市北区,4-6
26102,26102-1300-298.zip,京都市上京区,609-7
26102,26102-1300-298.zip,京都市上京区,609-8
26102,26102-1300-298.zip,京都市上京区,609-9
26102,26102-1300-298.zip,京都市上京区,609-10
26102,26102-1300-298.zip,京都市上京区,610
26102,26102-1300-298.zip,京都市上京区,610-1
26102,26102-1300-298.zip,京都市上京区,610-2
26102,26102-1300-298.zip,京都市上京区,610-3
26102,26102-1300-298.zip,京都市上京区,612
26102,26102-1300-298.zip,京都市上京区,612-1
26102,26102-1300-298.zip,京都市上京区,612-2
26102,26102-1300-298.zip,京都市上京区,612-4
26102,26102-1300-298.zip,京都市上京区,615
26102,26102-1300-298.zip,京都市上京区,612-5
26102,26102-1300-298.zip,京都市上京区,615-6
26102,26102-1300-298.zip,京都市上京区,616
26102,26102-1300-298.zip,京都市上京区,926-1
26102,26102-1300-298.zip,京都市上京区,926-28
26102,26102-1300-298.zip,京都市上京区,926-6
26102,26102-1300-298.zip,京都市上京区,926-7
26102,26102-1300-298.zip,京都市上京区,926-8
26102,26102-1300-298.zip,京都市上京区,926-9
26102,26102-1300-298.zip,京都市上京区,925
26102,26102-1300-298.zip,京都市上京区,925-1
26102,26102-1300-298.zip,京都市上京区,925-3
26102,26102-1300-298.zip,京都市上京区,925-4
26102,26102-1300-298.zip,京都市上京区,925-5
26102,26102-1300-298.zip,京都市上京区,925-6
26102,26102-1300-298.zip,京都市上京区,925-7
26102,26102-1300-298.zip,京都市上京区,926-2
26102,26102-1300-298.zip,京都市上京区,2
26102,26102-1300-298.zip,京都市上京区,2-1
26102,26102-1300-298.zip,京都市上京区,617
26102,26102-1300-298.zip,京都市上京区,617-2
26102,26102-1300-298.zip,京都市上京区,617-3
26102,26102-1300-298.zip,京都市上京区,618-2
26102,26102-1300-298.zip,京都市上京区,1043-3
26102,26102-1300-298.zip,京都市上京区,1043-1
26102,26102-1300-298.zip,京都市上京区,1043-2
26102,26102-1300-298.zip,京都市上京区,1043-4
26102,26102-1300-298.zip,京都市上京区,1059
26102,26102-1300-298.zip,京都市上京区,1060
26102,26102-1300-298.zip,京都市上京区,1061
26102,26102-1300-298.zip,京都市上京区,1062
26102,26102-1300-298.zip,京都市上京区,1074
26102,26102-1300-298.zip,京都市上京区,636
26102,26102-1300-298.zip,京都市上京区,637-4
26102,26102-1300-298.zip,京都市上京区,637-18
26102,26102-1300-298.zip,京都市上京区,637-59
26102,26102-1300-298.zip,京都市上京区,637-19
26102,26102-1300-298.zip,京都市上京区,637-58
26102,26102-1300-298.zip,京都市上京区,637-20
26102,26102-1300-298.zip,京都市上京区,637-56
26102,26102-1300-298.zip,京都市上京区,637-21
26102,26102-1300-298.zip,京都市上京区,637-57
26102,26102-1300-298.zip,京都市上京区,637-22
26102,26102-1300-298.zip,京都市上京区,637-71
26102,26102-1300-298.zip,京都市上京区,637-49
26102,26102-1300-298.zip,京都市上京区,637-25
26102,26102-1300-298.zip,京都市上京区,649-8
26102,26102-1300-298.zip,京都市上京区,649-1
26102,26102-1300-298.zip,京都市上京区,649-3
26102,26102-1300-298.zip,京都市上京区,649-5
26102,26102-1300-298.zip,京都市上京区,650-1
26102,26102-1300-298.zip,京都市上京区,650-2
26102,26102-1300-298.zip,京都市上京区,650-4
26102,26102-1300-298.zip,京都市上京区,650-5
26102,26102-1300-298.zip,京都市上京区,650-6
26102,26102-1300-298.zip,京都市上京区,650-7
26102,26102-1300-298.zip,京都市上京区,637-42
26102,26102-1300-298.zip,京都市上京区,637-43
26102,26102-1300-298.zip,京都市上京区,637-44
26102,26102-1300-298.zip,京都市上京区,638-1
26102,26102-1300-298.zip,京都市上京区,638-87
26102,26102-1300-298.zip,京都市上京区,638-12
26102,26102-1300-298.zip,京都市上京区,638-15
26102,26102-1300-298.zip,京都市上京区,638-16
26102,26102-1300-298.zip,京都市上京区,638-18
26102,26102-1300-298.zip,京都市上京区,638-52
26102,26102-1300-298.zip,京都市上京区,638-88
26102,26102-1300-298.zip,京都市上京区,638-54
26102,26102-1300-298.zip,京都市上京区,638-70
26102,26102-1300-298.zip,京都市上京区,638-72
26102,26102-1300-298.zip,京都市上京区,638-89
26102,26102-1300-298.zip,京都市上京区,926-1
26102,26102-1300-298.zip,京都市上京区,926-3
26102,26102-1300-298.zip,京都市上京区,1051
26102,26102-1300-298.zip,京都市上京区,637-23
26102,26102-1300-298.zip,京都市上京区,637-48
26102,26102-1300-298.zip,京都市上京区,926-38
26102,26102-1300-298.zip,京都市上京区,926-37
26102,26102-1300-298.zip,京都市上京区,926-40
26102,26102-1300-298.zip,京都市上京区,926-41
26102,26102-1300-298.zip,京都市上京区,933
26102,26102-1300-298.zip,京都市上京区,647-21
26102,26102-1300-298.zip,京都市上京区,647-22
26102,26102-1300-298.zip,京都市上京区,926-39
26102,26102-1300-298.zip,京都市上京区,926-44
26102,26102-1300-298.zip,京都市上京区,926-45
26102,26102-1300-298.zip,京都市上京区,926-29
26102,26102-1300-298.zip,京都市上京区,609-6
26102,26102-1300-298.zip,京都市上京区,637-24
26102,26102-1300-298.zip,京都市上京区,637-50
26102,26102-1300-299.zip,京都市上京区,848
26102,26102-1300-299.zip,京都市上京区,849
26102,26102-1300-299.zip,京都市上京区,850
26102,26102-1300-299.zip,京都市上京区,850-5
26102,26102-1300-299.zip,京都市上京区,850-6
26102,26102-1300-299.zip,京都市上京区,850-8
26102,26102-1300-299.zip,京都市上京区,850-9
26102,26102-1300-299.zip,京都市上京区,850-10
26102,26102-1300-299.zip,京都市上京区,850-11
26102,26102-1300-299.zip,京都市上京区,850-12
26102,26102-1300-299.zip,京都市上京区,850-13
26102,26102-1300-299.zip,京都市上京区,850-14
26102,26102-1300-299.zip,京都市上京区,850-15
26102,26102-1300-299.zip,京都市上京区,850-16
26102,26102-1300-299.zip,京都市上京区,851-1
26102,26102-1300-299.zip,京都市上京区,851-2
26102,26102-1300-299.zip,京都市上京区,854
26102,26102-1300-299.zip,京都市上京区,854-1
26102,26102-1300-299.zip,京都市上京区,854-2
26102,26102-1300-299.zip,京都市上京区,855-1
26102,26102-1300-299.zip,京都市上京区,856
26102,26102-1300-299.zip,京都市上京区,856-2
26102,26102-1300-299.zip,京都市上京区,856-3
26102,26102-1300-299.zip,京都市上京区,857
26102,26102-1300-299.zip,京都市上京区,858
26102,26102-1300-299.zip,京都市上京区,858-3
26102,26102-1300-299.zip,京都市上京区,863-13
26102,26102-1300-299.zip,京都市上京区,863-14
26102,26102-1300-299.zip,京都市上京区,863-15
26102,26102-1300-299.zip,京都市上京区,863-16
26102,26102-1300-299.zip,京都市上京区,863-23
26102,26102-1300-299.zip,京都市上京区,863-24
26102,26102-1300-299.zip,京都市上京区,863-25
26102,26102-1300-299.zip,京都市上京区,863-29
26102,26102-1300-299.zip,京都市上京区,863-32
26102,26102-1300-299.zip,京都市上京区,863-33
26102,26102-1300-299.zip,京都市上京区,863-52
26102,26102-1300-299.zip,京都市上京区,863-58
26102,26102-1300-299.zip,京都市上京区,863-62
26102,26102-1300-299.zip,京都市上京区,863-63
26102,26102-1300-299.zip,京都市上京区,863-64
26102,26102-1300-299.zip,京都市上京区,868-1
26102,26102-1300-299.zip,京都市上京区,872
26102,26102-1300-299.zip,京都市上京区,874
26102,26102-1300-299.zip,京都市上京区,875
26102,26102-1300-299.zip,京都市上京区,878
26102,26102-1300-299.zip,京都市上京区,879
26102,26102-1300-299.zip,京都市上京区,884
26102,26102-1300-299.zip,京都市上京区,803-1
26102,26102-1300-299.zip,京都市上京区,803-2
26102,26102-1300-299.zip,京都市上京区,803-3
26102,26102-1300-299.zip,京都市上京区,803-4
26102,26102-1300-299.zip,京都市上京区,803-5
26102,26102-1300-299.zip,京都市上京区,803-6
26102,26102-1300-299.zip,京都市上京区,827-4
26102,26102-1300-299.zip,京都市上京区,827-5
26102,26102-1300-299.zip,京都市上京区,827-7
26102,26102-1300-299.zip,京都市上京区,827-9
26102,26102-1300-299.zip,京都市上京区,827-16
26102,26102-1300-299.zip,京都市上京区,827-22
26102,26102-1300-299.zip,京都市上京区,827-23
26102,26102-1300-299.zip,京都市上京区,827-51
26102,26102-1300-299.zip,京都市上京区,827-54
26102,26102-1300-299.zip,京都市上京区,910-26
26102,26102-1300-299.zip,京都市上京区,910-40
26102,26102-1300-299.zip,京都市上京区,910-43
26102,26102-1300-299.zip,京都市上京区,910-89
26102,26102-1300-299.zip,京都市上京区,910-98
26102,26102-1300-299.zip,京都市上京区,911-5
26102,26102-1300-299.zip,京都市上京区,911-6
26102,26102-1300-299.zip,京都市上京区,1139
26102,26102-1300-299.zip,京都市上京区,1149-3
26102,26102-1300-299.zip,京都市上京区,1159
26102,26102-1300-299.zip,京都市上京区,1159-1
26102,26102-1300-299.zip,京都市上京区,1160
26102,26102-1300-299.zip,京都市上京区,1161
26102,26102-1300-299.zip,京都市上京区,1162
26102,26102-1300-299.zip,京都市上京区,1163
26102,26102-1300-299.zip,京都市上京区,1164
26102,26102-1300-299.zip,京都市上京区,1187-1
26102,26102-1300-299.zip,京都市上京区,1188-1
26102,26102-1300-299.zip,京都市上京区,1188-2
26102,26102-1300-299.zip,京都市上京区,1206
26102,26102-1300-299.zip,京都市上京区,1206-1
26102,26102-1300-299.zip,京都市上京区,1207
26102,26102-1300-299.zip,京都市上京区,1208
26102,26102-1300-299.zip,京都市上京区,1209
26102,26102-1300-299.zip,京都市上京区,1210-1
26102,26102-1300-299.zip,京都市上京区,1210-2
26102,26102-1300-299.zip,京都市上京区,1210-3
26102,26102-1300-299.zip,京都市上京区,1251
26102,26102-1300-299.zip,京都市上京区,1252
26102,26102-1300-299.zip,京都市上京区,1253
26102,26102-1300-299.zip,京都市上京区,1254-1
26102,26102-1300-299.zip,京都市上京区,1255
26102,26102-1300-299.zip,京都市上京区,1256
26102,26102-1300-299.zip,京都市上京区,1258
26102,26102-1300-299.zip,京都市上京区,1259
26102,26102-1300-299.zip,京都市上京区,1260
26102,26102-1300-299.zip,京都市上京区,1263
26102,26102-1300-299.zip,京都市上京区,1264
26102,26102-1300-299.zip,京都市上京区,1265
26102,26102-1300-299.zip,京都市上京区,1266
26102,26102-1300-299.zip,京都市上京区,1267
26102,26102-1300-299.zip,京都市上京区,1268
26102,26102-1300-299.zip,京都市上京区,906
26102,26102-1300-299.zip,京都市上京区,906-2
26102,26102-1300-299.zip,京都市上京区,906-3
26102,26102-1300-299.zip,京都市上京区,906-4
26102,26102-1300-299.zip,京都市上京区,906-6
26102,26102-1300-299.zip,京都市上京区,802-23
26102,26102-1300-299.zip,京都市上京区,802-24
26102,26102-1300-299.zip,京都市上京区,802-25
26102,26102-1300-299.zip,京都市上京区,802-26
26102,26102-1300-299.zip,京都市上京区,802-27
26102,26102-1300-299.zip,京都市上京区,802-28
26102,26102-1300-299.zip,京都市上京区,802-29
26102,26102-1300-299.zip,京都市上京区,803
26102,26102-1300-299.zip,京都市上京区,1271-1
26102,26102-1300-299.zip,京都市上京区,911
26102,26102-1300-300.zip,京都市上京区,916
26104,26104-1300-30.zip,京都市中京区,872-2
26104,26104-1300-30.zip,京都市中京区,874
26104,26104-1300-30.zip,京都市中京区,519
26104,26104-1300-30.zip,京都市中京区,520
26104,26104-1300-30.zip,京都市中京区,522
26104,26104-1300-30.zip,京都市中京区,524
26104,26104-1300-30.zip,京都市中京区,556
26104,26104-1300-30.zip,京都市中京区,515-2
26104,26104-1300-30.zip,京都市中京区,518
26104,26104-1300-30.zip,京都市中京区,520
26104,26104-1300-30.zip,京都市中京区,525
26104,26104-1300-30.zip,京都市中京区,526
26104,26104-1300-30.zip,京都市中京区,113-1
26104,26104-1300-30.zip,京都市中京区,115-5
26104,26104-1300-30.zip,京都市中京区,117
26104,26104-1300-30.zip,京都市中京区,117-1
26104,26104-1300-30.zip,京都市中京区,117-2
26104,26104-1300-30.zip,京都市中京区,118
26104,26104-1300-30.zip,京都市中京区,118-1
26104,26104-1300-30.zip,京都市中京区,125-1
26104,26104-1300-30.zip,京都市中京区,127-2
26104,26104-1300-30.zip,京都市中京区,129-2
26104,26104-1300-30.zip,京都市中京区,154-5
26104,26104-1300-30.zip,京都市中京区,159
26104,26104-1300-30.zip,京都市中京区,164
26104,26104-1300-30.zip,京都市中京区,115
26104,26104-1300-30.zip,京都市中京区,116
26104,26104-1300-30.zip,京都市中京区,158-1
26104,26104-1300-30.zip,京都市中京区,515-1
26104,26104-1300-30.zip,京都市中京区,519
26104,26104-1300-30.zip,京都市中京区,871
26104,26104-1300-30.zip,京都市中京区,872-1
26106,26106-1300-15.zip,京都市下京区,100-1
26106,26106-1300-15.zip,京都市下京区,20
26106,26106-1300-15.zip,京都市下京区,100-1
26106,26106-1300-15.zip,京都市下京区,1W2
26106,26106-1300-33.zip,京都市下京区,12-2
26106,26106-1300-33.zip,京都市下京区,12-9
26106,26106-1300-33.zip,京都市下京区,20-3
26106,26106-1300-33.zip,京都市下京区,20-4
26106,26106-1300-33.zip,京都市下京区,22-1
26106,26106-1300-33.zip,京都市下京区,22-3
26106,26106-1300-33.zip,京都市下京区,22-4
26106,26106-1300-33.zip,京都市下京区,22-7
26106,26106-1300-33.zip,京都市下京区,22-8
26106,26106-1300-33.zip,京都市下京区,65
26106,26106-1300-33.zip,京都市下京区,69
26106,26106-1300-33.zip,京都市下京区,70
26106,26106-1300-33.zip,京都市下京区,64
26106,26106-1300-33.zip,京都市下京区,66
26106,26106-1300-33.zip,京都市下京区,12-8
26106,26106-1300-35.zip,京都市下京区,520
26106,26106-1300-35.zip,京都市下京区,526-2
26106,26106-1300-35.zip,京都市下京区,528
26106,26106-1300-35.zip,京都市下京区,530
26106,26106-1300-35.zip,京都市下京区,535
26107,26107-1310-53.zip,京都市南区,54
26107,26107-1310-53.zip,京都市南区,56
26107,26107-1310-53.zip,京都市南区,58
26107,26107-1310-53.zip,京都市南区,59
26107,26107-1310-54.zip,京都市南区,49
26107,26107-1310-54.zip,京都市南区,52
26107,26107-1310-54.zip,京都市南区,53
26107,26107-1310-61.zip,京都市南区,380
26107,26107-1310-61.zip,京都市南区,386
26107,26107-1310-61.zip,京都市南区,393
26107,26107-1310-61.zip,京都市南区,395
26107,26107-1310-61.zip,京都市南区,396
26107,26107-1310-61.zip,京都市南区,399
26107,26107-1310-61.zip,京都市南区,401
26107,26107-1310-61.zip,京都市南区,310
26107,26107-1310-61.zip,京都市南区,311
26107,26107-1310-61.zip,京都市南区,312
26107,26107-1310-61.zip,京都市南区,313
26107,26107-1310-61.zip,京都市南区,314
26107,26107-1310-61.zip,京都市南区,315
26107,26107-1310-61.zip,京都市南区,316
26107,26107-1310-61.zip,京都市南区,311
26107,26107-1310-61.zip,京都市南区,313
26107,26107-1310-61.zip,京都市南区,316
26107,26107-1310-61.zip,京都市南区,319
26107,26107-1310-61.zip,京都市南区,397
26107,26107-1310-61.zip,京都市南区,376-7
26107,26107-1310-61.zip,京都市南区,310-2
26107,26107-1310-61.zip,京都市南区,310-1
26107,26107-1310-61.zip,京都市南区,312-1
26107,26107-1310-61.zip,京都市南区,312-2
26107,26107-1310-61.zip,京都市南区,314-1
26107,26107-1310-61.zip,京都市南区,314-2
26107,26107-1310-61.zip,京都市南区,317-2
26107,26107-1310-61.zip,京都市南区,318-1
26107,26107-1310-61.zip,京都市南区,318-2
26107,26107-1310-61.zip,京都市南区,317-1
26107,26107-1310-62.zip,京都市南区,8
26107,26107-1310-62.zip,京都市南区,8-1
26107,26107-1310-62.zip,京都市南区,8-3
26107,26107-1310-62.zip,京都市南区,15
26107,26107-1310-62.zip,京都市南区,17-1
26107,26107-1310-62.zip,京都市南区,17-2
26107,26107-1310-62.zip,京都市南区,17-3
26107,26107-1310-62.zip,京都市南区,13-1
26107,26107-1310-62.zip,京都市南区,16
26107,26107-1310-62.zip,京都市南区,19-1
26107,26107-1310-62.zip,京都市南区,19-2
26107,26107-1310-62.zip,京都市南区,20
26107,26107-1310-62.zip,京都市南区,21
26107,26107-1310-62.zip,京都市南区,14
26107,26107-1310-62.zip,京都市南区,15
26107,26107-1310-62.zip,京都市南区,17
26107,26107-1310-62.zip,京都市南区,18
26107,26107-1310-62.zip,京都市南区,22
26107,26107-1310-62.zip,京都市南区,15-4
26107,26107-1310-62.zip,京都市南区,15-15
26107,26107-1310-62.zip,京都市南区,15-16
26107,26107-1310-62.zip,京都市南区,15-22
26107,26107-1310-62.zip,京都市南区,17-4
26107,26107-1310-62.zip,京都市南区,18
26107,26107-1310-62.zip,京都市南区,18-1
26107,26107-1310-62.zip,京都市南区,18-4
26107,26107-1310-62.zip,京都市南区,18-10
26107,26107-1310-62.zip,京都市南区,18-13
26107,26107-1310-62.zip,京都市南区,15-3
26107,26107-1310-62.zip,京都市南区,44
26107,26107-1310-62.zip,京都市南区,45
26107,26107-1310-62.zip,京都市南区,46
26107,26107-1310-62.zip,京都市南区,57
26107,26107-1310-62.zip,京都市南区,58
26107,26107-1310-62.zip,京都市南区,15-5
26107,26107-1310-62.zip,京都市南区,15-17
26107,26107-1310-62.zip,京都市南区,18-5
26107,26107-1310-62.zip,京都市南区,18-11
26107,26107-1310-62.zip,京都市南区,15
26107,26107-1310-62.zip,京都市南区,35
26107,26107-1310-62.zip,京都市南区,36
26107,26107-1310-62.zip,京都市南区,37
26107,26107-1310-62.zip,京都市南区,38
26107,26107-1310-62.zip,京都市南区,39
26107,26107-1310-62.zip,京都市南区,21
26107,26107-1310-62.zip,京都市南区,22
26107,26107-1310-62.zip,京都市南区,33
26107,26107-1310-62.zip,京都市南区,34
26107,26107-1310-62.zip,京都市南区,39
26107,26107-1310-62.zip,京都市南区,41
26107,26107-1310-63.zip,京都市南区,14-2
26107,26107-1310-63.zip,京都市南区,15
26107,26107-1310-63.zip,京都市南区,15-3
26107,26107-1310-63.zip,京都市南区,17-2
26107,26107-1310-63.zip,京都市南区,17-3
26107,26107-1310-63.zip,京都市南区,31
26107,26107-1310-63.zip,京都市南区,41
26107,26107-1310-63.zip,京都市南区,42
26107,26107-1310-63.zip,京都市南区,43
26107,26107-1310-63.zip,京都市南区,44
26107,26107-1310-63.zip,京都市南区,36
26107,26107-1310-63.zip,京都市南区,50
26107,26107-1310-63.zip,京都市南区,51
26107,26107-1310-63.zip,京都市南区,20-1
26107,26107-1310-63.zip,京都市南区,15-1
26107,26107-1310-63.zip,京都市南区,19-1
26108,26108-1308-115.zip,京都市右京区,20
26108,26108-1308-115.zip,京都市右京区,21
26108,26108-1308-115.zip,京都市右京区,32-1
26108,26108-1308-115.zip,京都市右京区,35
26108,26108-1308-115.zip,京都市右京区,19-5
26108,26108-1308-115.zip,京都市右京区,19-2
26108,26108-1308-115.zip,京都市右京区,19-3
26108,26108-1308-115.zip,京都市右京区,24
26108,26108-1308-115.zip,京都市右京区,27
26108,26108-1308-115.zip,京都市右京区,27-3
26108,26108-1308-115.zip,京都市右京区,27-5
26108,26108-1308-115.zip,京都市右京区,27-6
26108,26108-1308-115.zip,京都市右京区,27-7
26108,26108-1308-115.zip,京都市右京区,27-8
26108,26108-1308-115.zip,京都市右京区,27-9
26108,26108-1308-115.zip,京都市右京区,33-1
26108,26108-1308-115.zip,京都市右京区,19-6
26108,26108-1308-115.zip,京都市右京区,16-3
26108,26108-1308-115.zip,京都市右京区,19-4
26108,26108-1308-117.zip,京都市右京区,18-2
26108,26108-1308-117.zip,京都市右京区,19-1
26108,26108-1308-117.zip,京都市右京区,19-2
26108,26108-1308-117.zip,京都市右京区,17
26108,26108-1308-120.zip,京都市右京区,1
26108,26108-1308-120.zip,京都市右京区,21
26108,26108-1308-121.zip,京都市右京区,10-2
26108,26108-1308-121.zip,京都市右京区,11
26108,26108-1308-121.zip,京都市右京区,16
26108,26108-1308-121.zip,京都市右京区,1
26108,26108-1308-121.zip,京都市右京区,8-1
26108,26108-1308-121.zip,京都市右京区,10-3
26108,26108-1308-121.zip,京都市右京区,17
26109,26109-1310-13.zip,京都市伏見区,38-1
26109,26109-1310-13.zip,京都市伏見区,38-4
26109,26109-1310-13.zip,京都市伏見区,44-2
26109,26109-1310-13.zip,京都市伏見区,44-3
26109,26109-1310-13.zip,京都市伏見区,44-4
26109,26109-1310-13.zip,京都市伏見区,44-5
26109,26109-1310-13.zip,京都市伏見区,131-2
26109,26109-1310-13.zip,京都市伏見区,115-1
26109,26109-1310-13.zip,京都市伏見区,115-2
26109,26109-1310-13.zip,京都市伏見区,115-11
26109,26109-1310-13.zip,京都市伏見区,130-1
26109,26109-1310-13.zip,京都市伏見区,130-9
26109,26109-1310-13.zip,京都市伏見区,180-1
26109,26109-1310-13.zip,京都市伏見区,221-1
26109,26109-1310-13.zip,京都市伏見区,230-1
26109,26109-1310-13.zip,京都市伏見区,234-1
26109,26109-1310-13.zip,京都市伏見区,141-4
26109,26109-1310-13.zip,京都市伏見区,142-3
26109,26109-1310-13.zip,京都市伏見区,71-16
26109,26109-1310-13.zip,京都市伏見区,85-1
26109,26109-1310-13.zip,京都市伏見区,85-2
26109,26109-1310-13.zip,京都市伏見区,155
26109,26109-1310-13.zip,京都市伏見区,180-8
26109,26109-1310-13.zip,京都市伏見区,234-2
26109,26109-1310-13.zip,京都市伏見区,230-2
26109,26109-1310-13.zip,京都市伏見区,221-2
26109,26109-1310-154.zip,京都市伏見区,266
26109,26109-1310-154.zip,京都市伏見区,267
26109,26109-1310-154.zip,京都市伏見区,269
26109,26109-1310-154.zip,京都市伏見区,270
26109,26109-1310-154.zip,京都市伏見区,272
26109,26109-1310-154.zip,京都市伏見区,273
26109,26109-1310-154.zip,京都市伏見区,274
26109,26109-1310-154.zip,京都市伏見区,275
26109,26109-1310-154.zip,京都市伏見区,276
26109,26109-1310-154.zip,京都市伏見区,277
26109,26109-1310-154.zip,京都市伏見区,278
26109,26109-1310-154.zip,京都市伏見区,279
26109,26109-1310-154.zip,京都市伏見区,280
26109,26109-1310-154.zip,京都市伏見区,281
26109,26109-1310-154.zip,京都市伏見区,282
26109,26109-1310-154.zip,京都市伏見区,283
26109,26109-1310-154.zip,京都市伏見区,284
26109,26109-1310-154.zip,京都市伏見区,286
26109,26109-1310-154.zip,京都市伏見区,287
26109,26109-1310-154.zip,京都市伏見区,285
26109,26109-1310-154.zip,京都市伏見区,289
26111,26111-1308-16.zip,京都市西京区,100-39
26111,26111-1308-16.zip,京都市西京区,100-41
26111,26111-1308-16.zip,京都市西京区,300-2
26111,26111-1308-16.zip,京都市西京区,300-3
26111,26111-1308-16.zip,京都市西京区,300-4
26111,26111-1308-16.zip,京都市西京区,300-6
26111,26111-1308-16.zip,京都市西京区,300-7
26111,26111-1308-16.zip,京都市西京区,300-1
26111,26111-1308-16.zip,京都市西京区,300-2
26111,26111-1308-16.zip,京都市西京区,300-3
26111,26111-1308-16.zip,京都市西京区,300-5
26111,26111-1308-68.zip,京都市西京区,600
26201,26201-1305-172.zip,福知山市,894
26201,26201-1305-172.zip,福知山市,895-3
26201,26201-1305-172.zip,福知山市,896
26201,26201-1305-172.zip,福知山市,898-2
26201,26201-1305-172.zip,福知山市,899-1
26201,26201-1305-172.zip,福知山市,5000
26201,26201-1305-209.zip,福知山市,358
26201,26201-1305-209.zip,福知山市,359
26201,26201-1305-209.zip,福知山市,360
26201,26201-1305-209.zip,福知山市,64
26201,26201-1305-209.zip,福知山市,361X(2/2)
26201,26201-1305-209.zip,福知山市,362X(2/2)
26201,26201-1305-209.zip,福知山市,363X(2/2)
26201,26201-1305-209.zip,福知山市,364-1
26201,26201-1305-209.zip,福知山市,364-2
26201,26201-1305-209.zip,福知山市,407-2
26201,26201-1305-209.zip,福知山市,473
26201,26201-1305-209.zip,福知山市,407-1X(2/2)
26201,26201-1305-209.zip,福知山市,461
26201,26201-1305-253.zip,福知山市,1429
26201,26201-1305-253.zip,福知山市,1430
26201,26201-1305-253.zip,福知山市,1431
26201,26201-1305-253.zip,福知山市,1432
26201,26201-1305-253.zip,福知山市,1451
26201,26201-1305-253.zip,福知山市,1488
26201,26201-1305-253.zip,福知山市,1489
26201,26201-1305-255.zip,福知山市,814-1
26201,26201-1305-255.zip,福知山市,814-2
26201,26201-1305-255.zip,福知山市,964
26201,26201-1305-268.zip,福知山市,1040
26201,26201-1305-268.zip,福知山市,1041
26201,26201-1305-268.zip,福知山市,1042-1
26201,26201-1305-268.zip,福知山市,1042-2
26201,26201-1305-268.zip,福知山市,1043
26201,26201-1305-268.zip,福知山市,1044
26201,26201-1305-268.zip,福知山市,1045
26201,26201-1305-268.zip,福知山市,1046-1
26201,26201-1305-268.zip,福知山市,1046-3
26201,26201-1305-268.zip,福知山市,1047-1
26201,26201-1305-268.zip,福知山市,1048-1
26201,26201-1305-268.zip,福知山市,1049-1
26201,26201-1305-268.zip,福知山市,1049-3
26201,26201-1305-268.zip,福知山市,1139
26201,26201-1305-268.zip,福知山市,1153
26201,26201-1305-268.zip,福知山市,1154
26201,26201-1305-268.zip,福知山市,1155
26201,26201-1305-268.zip,福知山市,1156
26201,26201-1305-268.zip,福知山市,1157
26201,26201-1305-542.zip,福知山市,1499
26201,26201-1305-542.zip,福知山市,1500
26201,26201-1305-542.zip,福知山市,1527
26201,26201-1305-542.zip,福知山市,1528
26201,26201-1305-542.zip,福知山市,1650
26201,26201-1305-542.zip,福知山市,1654
26201,26201-1305-542.zip,福知山市,1674
26201,26201-1305-542.zip,福知山市,1675
26201,26201-1305-542.zip,福知山市,1676
26201,26201-1305-542.zip,福知山市,1679
26201,26201-1305-542.zip,福知山市,1680
26201,26201-1305-606.zip,福知山市,1-1
26201,26201-1305-606.zip,福知山市,1-3
26201,26201-1305-606.zip,福知山市,1-4
26201,26201-1305-606.zip,福知山市,1-8
26201,26201-1305-606.zip,福知山市,387
26201,26201-1305-606.zip,福知山市,388W1
26201,26201-1305-606.zip,福知山市,389
26201,26201-1305-606.zip,福知山市,396
26201,26201-1305-606.zip,福知山市,401
26201,26201-1305-606.zip,福知山市,1275
26201,26201-1305-606.zip,福知山市,1276
26201,26201-1305-606.zip,福知山市,1278-1
26201,26201-1305-606.zip,福知山市,1279
26201,26201-1305-606.zip,福知山市,1280
26201,26201-1305-606.zip,福知山市,1281
26201,26201-1305-606.zip,福知山市,1367
26201,26201-1305-606.zip,福知山市,1369
26201,26201-1305-606.zip,福知山市,1370
26201,26201-1305-606.zip,福知山市,1371
26201,26201-1305-606.zip,福知山市,1372
26201,26201-1305-606.zip,福知山市,1373
26201,26201-1305-606.zip,福知山市,1374
26201,26201-1305-606.zip,福知山市,1375
26201,26201-1305-606.zip,福知山市,1376
26201,26201-1305-606.zip,福知山市,1377
26201,26201-1305-606.zip,福知山市,1378
26201,26201-1305-606.zip,福知山市,1379
26201,26201-1305-606.zip,福知山市,1380-1
26201,26201-1305-606.zip,福知山市,1380-2
26201,26201-1305-606.zip,福知山市,1381
26201,26201-1305-606.zip,福知山市,1382
26201,26201-1305-606.zip,福知山市,1383
26201,26201-1305-606.zip,福知山市,1384
26201,26201-1305-606.zip,福知山市,1385
26201,26201-1305-606.zip,福知山市,1386
26201,26201-1305-606.zip,福知山市,1387
26201,26201-1305-606.zip,福知山市,1391
26201,26201-1305-606.zip,福知山市,1392
26201,26201-1305-606.zip,福知山市,1430-4
26201,26201-1305-606.zip,福知山市,1430-5
26201,26201-1305-606.zip,福知山市,1430-6
26201,26201-1305-606.zip,福知山市,1430-13
26201,26201-1305-606.zip,福知山市,1430-18
26201,26201-1305-606.zip,福知山市,1430-19
26201,26201-1305-606.zip,福知山市,1430-14
26201,26201-1305-606.zip,福知山市,1-7
26201,26201-1305-606.zip,福知山市,392
26201,26201-1305-635.zip,福知山市,8005-1
26201,26201-1305-635.zip,福知山市,8005-3
26201,26201-1305-635.zip,福知山市,8007-1
26201,26201-1305-635.zip,福知山市,8009-1
26201,26201-1305-635.zip,福知山市,8009-4
26201,26201-1305-635.zip,福知山市,8009-5
26201,26201-1305-635.zip,福知山市,8209-2
26201,26201-1305-635.zip,福知山市,8228
26201,26201-1305-636.zip,福知山市,143-1
26201,26201-1305-636.zip,福知山市,143-2
26201,26201-1305-636.zip,福知山市,143-3
26201,26201-1305-636.zip,福知山市,143-4
26201,26201-1305-636.zip,福知山市,226
26201,26201-1305-636.zip,福知山市,228-1
26201,26201-1305-636.zip,福知山市,228-2
26201,26201-1305-636.zip,福知山市,229
26201,26201-1305-636.zip,福知山市,230
26201,26201-1305-636.zip,福知山市,483-2
26201,26201-1305-636.zip,福知山市,492-2
26201,26201-1305-636.zip,福知山市,493-1
26201,26201-1305-636.zip,福知山市,895-1
26202,26202-1304-190.zip,舞鶴市,765-12
26202,26202-1304-337.zip,舞鶴市,1441
26202,26202-1304-337.zip,舞鶴市,1442
26202,26202-1304-337.zip,舞鶴市,1443
26202,26202-1304-337.zip,舞鶴市,1444
26202,26202-1304-337.zip,舞鶴市,1445
26202,26202-1304-337.zip,舞鶴市,1446
26202,26202-1304-337.zip,舞鶴市,1447
26202,26202-1304-337.zip,舞鶴市,1448
26202,26202-1304-337.zip,舞鶴市,1449
26202,26202-1304-337.zip,舞鶴市,1450
26202,26202-1304-337.zip,舞鶴市,1451
26202,26202-1304-337.zip,舞鶴市,1452
26202,26202-1304-337.zip,舞鶴市,1453
26202,26202-1304-337.zip,舞鶴市,1454
26202,26202-1304-337.zip,舞鶴市,1455
26202,26202-1304-337.zip,舞鶴市,1456
26202,26202-1304-337.zip,舞鶴市,1457
26202,26202-1304-337.zip,舞鶴市,1458
26202,26202-1304-337.zip,舞鶴市,1459
26202,26202-1304-337.zip,舞鶴市,1460
26202,26202-1304-337.zip,舞鶴市,1461
26202,26202-1304-337.zip,舞鶴市,1462
26202,26202-1304-337.zip,舞鶴市,1463
26202,26202-1304-337.zip,舞鶴市,1464
26202,26202-1304-337.zip,舞鶴市,1466
26202,26202-1304-337.zip,舞鶴市,1467
26202,26202-1304-337.zip,舞鶴市,1468
26202,26202-1304-337.zip,舞鶴市,1469
26202,26202-1304-337.zip,舞鶴市,1470
26202,26202-1304-337.zip,舞鶴市,1471
26202,26202-1304-337.zip,舞鶴市,1472
26202,26202-1304-337.zip,舞鶴市,1473
26202,26202-1304-337.zip,舞鶴市,1474
26202,26202-1304-337.zip,舞鶴市,1475
26202,26202-1304-337.zip,舞鶴市,1476
26202,26202-1304-337.zip,舞鶴市,1477
26202,26202-1304-337.zip,舞鶴市,1478
26202,26202-1304-337.zip,舞鶴市,1479
26202,26202-1304-337.zip,舞鶴市,1480
26202,26202-1304-338.zip,舞鶴市,1034
26202,26202-1304-338.zip,舞鶴市,1039
26202,26202-1304-338.zip,舞鶴市,1046
26202,26202-1304-338.zip,舞鶴市,1042
26202,26202-1304-363.zip,舞鶴市,1041
26202,26202-1304-363.zip,舞鶴市,1045
26202,26202-1304-365.zip,舞鶴市,10053-1
26202,26202-1304-367.zip,舞鶴市,1073
26202,26202-1304-367.zip,舞鶴市,1075
26203,26203-1305-162.zip,綾部市,19
26203,26203-1305-162.zip,綾部市,28
26203,26203-1305-162.zip,綾部市,31
26203,26203-1305-162.zip,綾部市,35
26203,26203-1305-208.zip,綾部市,8
26203,26203-1305-208.zip,綾部市,9
26203,26203-1305-208.zip,綾部市,10
26203,26203-1305-208.zip,綾部市,11
26203,26203-1305-208.zip,綾部市,12
26203,26203-1305-208.zip,綾部市,13
26203,26203-1305-208.zip,綾部市,14
26203,26203-1305-210.zip,綾部市,15
26203,26203-1305-210.zip,綾部市,16
26203,26203-1305-210.zip,綾部市,17
26203,26203-1305-210.zip,綾部市,18
26203,26203-1305-210.zip,綾部市,19
26203,26203-1305-77.zip,綾部市,66
26203,26203-1305-77.zip,綾部市,71
26203,26203-1305-77.zip,綾部市,72
26203,26203-1305-77.zip,綾部市,73
26203,26203-1305-77.zip,綾部市,75
26203,26203-1305-77.zip,綾部市,76
26203,26203-1305-77.zip,綾部市,77
26203,26203-1305-77.zip,綾部市,78
26203,26203-1305-77.zip,綾部市,80
26203,26203-1305-77.zip,綾部市,81
26203,26203-1305-77.zip,綾部市,82
26203,26203-1305-77.zip,綾部市,83
26203,26203-1305-77.zip,綾部市,84
26204,26204-1328-26.zip,宇治市,1
26204,26204-1328-26.zip,宇治市,6
26204,26204-1328-26.zip,宇治市,8
26204,26204-1328-26.zip,宇治市,9
26204,26204-1328-26.zip,宇治市,15-1
26204,26204-1328-26.zip,宇治市,16-1
26204,26204-1328-26.zip,宇治市,16-2
26204,26204-1328-26.zip,宇治市,21-1
26204,26204-1328-26.zip,宇治市,30
26204,26204-1328-26.zip,宇治市,31-1
26204,26204-1328-72.zip,宇治市,52
26205,26205-1302-120.zip,宮津市,2922
26205,26205-1302-120.zip,宮津市,2923
26205,26205-1302-120.zip,宮津市,2924
26205,26205-1302-120.zip,宮津市,2925
26205,26205-1302-120.zip,宮津市,2952
26205,26205-1302-120.zip,宮津市,2955
26205,26205-1302-121.zip,宮津市,1788-1
26205,26205-1302-121.zip,宮津市,1788-2
26205,26205-1302-121.zip,宮津市,1789-2
26205,26205-1302-121.zip,宮津市,1790-1
26205,26205-1302-121.zip,宮津市,1790-2
26205,26205-1302-121.zip,宮津市,1790-4
26205,26205-1302-121.zip,宮津市,1791-1
26205,26205-1302-121.zip,宮津市,1791-2
26205,26205-1302-121.zip,宮津市,1792
26205,26205-1302-121.zip,宮津市,1793
26205,26205-1302-121.zip,宮津市,1821
26205,26205-1302-121.zip,宮津市,1822
26205,26205-1302-121.zip,宮津市,1825
26205,26205-1302-121.zip,宮津市,1826
26205,26205-1302-121.zip,宮津市,1842
26205,26205-1302-134.zip,宮津市,315-47
26205,26205-1302-134.zip,宮津市,315-48
26205,26205-1302-134.zip,宮津市,315-52
26205,26205-1302-140.zip,宮津市,1728
26205,26205-1302-140.zip,宮津市,1729
26205,26205-1302-186.zip,宮津市,3193
26205,26205-1302-189.zip,宮津市,405-6
26205,26205-1302-189.zip,宮津市,2663
26205,26205-1302-189.zip,宮津市,2664
26205,26205-1302-189.zip,宮津市,35
26205,26205-1302-189.zip,宮津市,427
26205,26205-1302-189.zip,宮津市,716-1
26205,26205-1302-189.zip,宮津市,716-3
26205,26205-1302-189.zip,宮津市,405-8
26205,26205-1302-189.zip,宮津市,405-5
26205,26205-1302-189.zip,宮津市,405-7
26205,26205-1302-190.zip,宮津市,10001-7
26205,26205-1302-190.zip,宮津市,10001-11
26205,26205-1302-190.zip,宮津市,10001-1
26205,26205-1302-203.zip,宮津市,3-1
26205,26205-1302-203.zip,宮津市,4
26205,26205-1302-203.zip,宮津市,5
26205,26205-1302-203.zip,宮津市,5-1
26205,26205-1302-203.zip,宮津市,5-3
26205,26205-1302-203.zip,宮津市,5-4
26205,26205-1302-203.zip,宮津市,5-5
26205,26205-1302-203.zip,宮津市,7-5
26205,26205-1302-203.zip,宮津市,7-6
26205,26205-1302-203.zip,宮津市,10
26205,26205-1302-203.zip,宮津市,11-1
26205,26205-1302-203.zip,宮津市,4
26205,26205-1302-203.zip,宮津市,5-5
26205,26205-1302-203.zip,宮津市,5-6
26205,26205-1302-203.zip,宮津市,5-7
26205,26205-1302-203.zip,宮津市,15-1
26205,26205-1302-203.zip,宮津市,16-1
26205,26205-1302-203.zip,宮津市,25-4
26205,26205-1302-203.zip,宮津市,26-2
26205,26205-1302-203.zip,宮津市,26-3
26205,26205-1302-203.zip,宮津市,26-5
26205,26205-1302-203.zip,宮津市,26-6
26205,26205-1302-203.zip,宮津市,26-7
26205,26205-1302-203.zip,宮津市,26-14
26205,26205-1302-203.zip,宮津市,26-17
26205,26205-1302-203.zip,宮津市,26-18
26205,26205-1302-203.zip,宮津市,26-20
26205,26205-1302-203.zip,宮津市,26-21
26205,26205-1302-203.zip,宮津市,5
26205,26205-1302-203.zip,宮津市,10-1
26206,26206-1301-149.zip,亀岡市,100
26206,26206-1301-149.zip,亀岡市,105
26206,26206-1301-213.zip,亀岡市,200
26206,26206-1301-213.zip,亀岡市,215
26206,26206-1301-213.zip,亀岡市,226-1
26206,26206-1301-213.zip,亀岡市,226-2
26206,26206-1301-213.zip,亀岡市,240
26206,26206-1301-213.zip,亀岡市,1000
26206,26206-1301-213.zip,亀岡市,1003
26206,26206-1301-213.zip,亀岡市,1005
26206,26206-1301-213.zip,亀岡市,1007
26206,26206-1301-213.zip,亀岡市,2009
26206,26206-1301-213.zip,亀岡市,2017
26206,26206-1301-213.zip,亀岡市,241
26206,26206-1301-213.zip,亀岡市,242-1
26206,26206-1301-213.zip,亀岡市,242-2
26206,26206-1301-213.zip,亀岡市,243
26206,26206-1301-213.zip,亀岡市,1008
26206,26206-1301-213.zip,亀岡市,2020
26206,26206-1301-214.zip,亀岡市,100
26206,26206-1301-214.zip,亀岡市,101
26206,26206-1301-214.zip,亀岡市,102
26206,26206-1301-214.zip,亀岡市,103
26206,26206-1301-214.zip,亀岡市,104
26206,26206-1301-214.zip,亀岡市,105
26206,26206-1301-214.zip,亀岡市,106
26206,26206-1301-214.zip,亀岡市,107
26206,26206-1301-214.zip,亀岡市,108
26206,26206-1301-214.zip,亀岡市,109
26206,26206-1301-214.zip,亀岡市,110
26206,26206-1301-214.zip,亀岡市,1000
26206,26206-1301-214.zip,亀岡市,1001
26206,26206-1301-214.zip,亀岡市,1002
26206,26206-1301-214.zip,亀岡市,1003
26206,26206-1301-214.zip,亀岡市,1004
26206,26206-1301-214.zip,亀岡市,2000
26206,26206-1301-214.zip,亀岡市,2001
26206,26206-1301-214.zip,亀岡市,2002
26206,26206-1301-214.zip,亀岡市,2003
26206,26206-1301-214.zip,亀岡市,2004
26206,26206-1301-214.zip,亀岡市,2005
26206,26206-1301-214.zip,亀岡市,2007
26206,26206-1301-214.zip,亀岡市,2008
26206,26206-1301-214.zip,亀岡市,200
26206,26206-1301-214.zip,亀岡市,201
26206,26206-1301-214.zip,亀岡市,202
26206,26206-1301-214.zip,亀岡市,1000
26206,26206-1301-214.zip,亀岡市,1002
26206,26206-1301-214.zip,亀岡市,2000
26206,26206-1301-214.zip,亀岡市,2001
26206,26206-1301-214.zip,亀岡市,200
26206,26206-1301-214.zip,亀岡市,201
26206,26206-1301-214.zip,亀岡市,202
26206,26206-1301-214.zip,亀岡市,203
26206,26206-1301-214.zip,亀岡市,1000
26206,26206-1301-214.zip,亀岡市,1001
26206,26206-1301-214.zip,亀岡市,2000
26206,26206-1301-214.zip,亀岡市,100
26206,26206-1301-214.zip,亀岡市,102
26206,26206-1301-214.zip,亀岡市,103
26206,26206-1301-214.zip,亀岡市,104
26206,26206-1301-214.zip,亀岡市,105
26206,26206-1301-214.zip,亀岡市,106
26206,26206-1301-214.zip,亀岡市,107
26206,26206-1301-214.zip,亀岡市,108
26206,26206-1301-214.zip,亀岡市,110
26206,26206-1301-214.zip,亀岡市,111
26206,26206-1301-214.zip,亀岡市,114
26206,26206-1301-214.zip,亀岡市,1000
26206,26206-1301-214.zip,亀岡市,1001
26206,26206-1301-214.zip,亀岡市,1005
26206,26206-1301-214.zip,亀岡市,2000
26206,26206-1301-214.zip,亀岡市,2001
26206,26206-1301-214.zip,亀岡市,2009
26206,26206-1301-214.zip,亀岡市,2010
26206,26206-1301-214.zip,亀岡市,200
26206,26206-1301-214.zip,亀岡市,201
26206,26206-1301-214.zip,亀岡市,1002
26206,26206-1301-216.zip,亀岡市,101-1
26206,26206-1301-216.zip,亀岡市,104
26206,26206-1301-216.zip,亀岡市,107
26206,26206-1301-216.zip,亀岡市,108
26206,26206-1301-216.zip,亀岡市,109
26206,26206-1301-216.zip,亀岡市,110
26206,26206-1301-216.zip,亀岡市,111
26206,26206-1301-216.zip,亀岡市,112
26206,26206-1301-216.zip,亀岡市,119
26206,26206-1301-216.zip,亀岡市,121
26206,26206-1301-216.zip,亀岡市,122
26206,26206-1301-216.zip,亀岡市,1000
26206,26206-1301-216.zip,亀岡市,1001
26206,26206-1301-216.zip,亀岡市,1002
26206,26206-1301-216.zip,亀岡市,1003
26206,26206-1301-216.zip,亀岡市,1007
26206,26206-1301-216.zip,亀岡市,2000
26206,26206-1301-216.zip,亀岡市,2001
26206,26206-1301-216.zip,亀岡市,2004
26206,26206-1301-216.zip,亀岡市,2007
26206,26206-1301-216.zip,亀岡市,2008
26206,26206-1301-216.zip,亀岡市,2009
26206,26206-1301-216.zip,亀岡市,128
26206,26206-1301-216.zip,亀岡市,129
26206,26206-1301-216.zip,亀岡市,130
26206,26206-1301-216.zip,亀岡市,131
26206,26206-1301-216.zip,亀岡市,132
26206,26206-1301-216.zip,亀岡市,1002
26206,26206-1301-216.zip,亀岡市,105
26206,26206-1301-216.zip,亀岡市,110
26206,26206-1301-216.zip,亀岡市,111
26206,26206-1301-216.zip,亀岡市,112
26206,26206-1301-216.zip,亀岡市,129
26206,26206-1301-216.zip,亀岡市,1000
26206,26206-1301-216.zip,亀岡市,1001
26206,26206-1301-216.zip,亀岡市,1004
26206,26206-1301-216.zip,亀岡市,2001
26206,26206-1301-216.zip,亀岡市,2006
26206,26206-1301-216.zip,亀岡市,2010
26206,26206-1301-216.zip,亀岡市,200
26206,26206-1301-216.zip,亀岡市,202
26206,26206-1301-216.zip,亀岡市,1000
26206,26206-1301-216.zip,亀岡市,1001
26206,26206-1301-216.zip,亀岡市,2000
26206,26206-1301-216.zip,亀岡市,2003
26206,26206-1301-223.zip,亀岡市,242-1
26206,26206-1301-223.zip,亀岡市,242-2
26206,26206-1301-223.zip,亀岡市,242-3
26206,26206-1301-223.zip,亀岡市,243
26206,26206-1301-223.zip,亀岡市,244
26206,26206-1301-223.zip,亀岡市,2026
26206,26206-1301-223.zip,亀岡市,2028
26206,26206-1301-223.zip,亀岡市,115
26206,26206-1301-223.zip,亀岡市,1003
26206,26206-1301-223.zip,亀岡市,2007
26206,26206-1301-223.zip,亀岡市,100
26206,26206-1301-223.zip,亀岡市,101
26206,26206-1301-223.zip,亀岡市,105
26206,26206-1301-223.zip,亀岡市,106
26206,26206-1301-223.zip,亀岡市,107
26206,26206-1301-223.zip,亀岡市,108
26206,26206-1301-223.zip,亀岡市,109
26206,26206-1301-223.zip,亀岡市,110
26206,26206-1301-223.zip,亀岡市,1001
26206,26206-1301-223.zip,亀岡市,1002
26206,26206-1301-223.zip,亀岡市,1003
26206,26206-1301-223.zip,亀岡市,2001
26206,26206-1301-223.zip,亀岡市,2002
26206,26206-1301-223.zip,亀岡市,2004
26206,26206-1301-223.zip,亀岡市,2005
26206,26206-1301-223.zip,亀岡市,227
26206,26206-1301-223.zip,亀岡市,228
26206,26206-1301-223.zip,亀岡市,236
26206,26206-1301-223.zip,亀岡市,243
26206,26206-1301-223.zip,亀岡市,1011
26206,26206-1301-223.zip,亀岡市,2012
26206,26206-1301-223.zip,亀岡市,2018
26206,26206-1301-223.zip,亀岡市,2021
26206,26206-1301-223.zip,亀岡市,2022
26206,26206-1301-223.zip,亀岡市,2023
26206,26206-1301-223.zip,亀岡市,2003
26206,26206-1301-223.zip,亀岡市,2019
26206,26206-1301-223.zip,亀岡市,2027
26207,26207-1328-41.zip,城陽市,13
26207,26207-1328-41.zip,城陽市,16-13
26208,26208-1308-11.zip,向日市,2-2
26208,26208-1308-11.zip,向日市,2-3
26208,26208-1308-11.zip,向日市,2-4
26208,26208-1308-11.zip,向日市,2-5
26208,26208-1308-11.zip,向日市,2-6
26208,26208-1308-8.zip,向日市,54
26208,26208-1308-8.zip,向日市,50-2
26208,26208-1308-8.zip,向日市,50-1
26208,26208-1308-8.zip,向日市,50-4
26208,26208-1308-9.zip,向日市,100
26208,26208-1308-9.zip,向日市,102
26208,26208-1308-9.zip,向日市,174
26208,26208-1308-9.zip,向日市,168
26208,26208-1308-9.zip,向日市,100
26208,26208-1308-9.zip,向日市,173
26210,26210-1328-18.zip,八幡市,61-3
26210,26210-1328-18.zip,八幡市,72
26210,26210-1328-19.zip,八幡市,1-1
26210,26210-1328-19.zip,八幡市,1-2
26210,26210-1328-19.zip,八幡市,1-3
26210,26210-1328-19.zip,八幡市,1-4
26210,26210-1328-19.zip,八幡市,1-5
26210,26210-1328-19.zip,八幡市,1-6
26210,26210-1328-19.zip,八幡市,1-7
26210,26210-1328-19.zip,八幡市,5-1
26210,26210-1328-19.zip,八幡市,5-2
26210,26210-1328-19.zip,八幡市,5-3
26210,26210-1328-19.zip,八幡市,5-4
26210,26210-1328-19.zip,八幡市,5-5
26210,26210-1328-19.zip,八幡市,5-6
26210,26210-1328-19.zip,八幡市,5-7
26210,26210-1328-19.zip,八幡市,9-1
26210,26210-1328-19.zip,八幡市,9-2
26210,26210-1328-19.zip,八幡市,9-3
26210,26210-1328-19.zip,八幡市,9-4
26210,26210-1328-19.zip,八幡市,9-5
26210,26210-1328-19.zip,八幡市,9-6
26210,26210-1328-19.zip,八幡市,14-1
26210,26210-1328-19.zip,八幡市,14-2
26210,26210-1328-19.zip,八幡市,14-3
26210,26210-1328-19.zip,八幡市,100-1
26210,26210-1328-19.zip,八幡市,100-2
26210,26210-1328-19.zip,八幡市,100-3
26210,26210-1328-19.zip,八幡市,117-1
26210,26210-1328-19.zip,八幡市,121-1
26210,26210-1328-19.zip,八幡市,121-2
26210,26210-1328-19.zip,八幡市,121-3
26210,26210-1328-19.zip,八幡市,122-1
26210,26210-1328-19.zip,八幡市,101-1
26210,26210-1328-19.zip,八幡市,3-1
26210,26210-1328-19.zip,八幡市,22-6
26210,26210-1328-19.zip,八幡市,22-9
26210,26210-1328-19.zip,八幡市,22-19
26210,26210-1328-19.zip,八幡市,22-18
26210,26210-1328-19.zip,八幡市,107-1
26210,26210-1328-19.zip,八幡市,22-2
26210,26210-1328-19.zip,八幡市,22-21
26210,26210-1328-19.zip,八幡市,22-3
26210,26210-1328-19.zip,八幡市,22-22
26210,26210-1328-19.zip,八幡市,22-15
26210,26210-1328-19.zip,八幡市,22-1
26210,26210-1328-20.zip,八幡市,4
26210,26210-1328-20.zip,八幡市,91
26210,26210-1328-20.zip,八幡市,102
26210,26210-1328-20.zip,八幡市,103
26210,26210-1328-20.zip,八幡市,104
26210,26210-1328-21.zip,八幡市,41-1
26210,26210-1328-21.zip,八幡市,70
26210,26210-1328-21.zip,八幡市,139
26210,26210-1328-21.zip,八幡市,42-27W1
26210,26210-1328-21.zip,八幡市,41-6
26210,26210-1328-21.zip,八幡市,41-2
26210,26210-1328-22.zip,八幡市,109
26210,26210-1328-22.zip,八幡市,112
26210,26210-1328-22.zip,八幡市,113
26210,26210-1328-22.zip,八幡市,114
26210,26210-1328-22.zip,八幡市,153
26210,26210-1328-22.zip,八幡市,154
26210,26210-1328-22.zip,八幡市,160-1
26210,26210-1328-22.zip,八幡市,160-2
26210,26210-1328-22.zip,八幡市,186-1
26210,26210-1328-22.zip,八幡市,186-2
26210,26210-1328-22.zip,八幡市,202
26210,26210-1328-22.zip,八幡市,203
26210,26210-1328-22.zip,八幡市,204
26210,26210-1328-22.zip,八幡市,205
26210,26210-1328-22.zip,八幡市,207
26210,26210-1328-22.zip,八幡市,114
26210,26210-1328-22.zip,八幡市,115-1
26210,26210-1328-22.zip,八幡市,115-2
26210,26210-1328-22.zip,八幡市,116
26210,26210-1328-22.zip,八幡市,117
26210,26210-1328-22.zip,八幡市,118
26210,26210-1328-22.zip,八幡市,119
26210,26210-1328-22.zip,八幡市,120
26210,26210-1328-22.zip,八幡市,121
26210,26210-1328-22.zip,八幡市,122
26210,26210-1328-22.zip,八幡市,123
26210,26210-1328-22.zip,八幡市,127
26210,26210-1328-22.zip,八幡市,128
26210,26210-1328-22.zip,八幡市,129
26210,26210-1328-22.zip,八幡市,130
26210,26210-1328-22.zip,八幡市,104
26210,26210-1328-22.zip,八幡市,105
26210,26210-1328-22.zip,八幡市,106
26210,26210-1328-22.zip,八幡市,107
26210,26210-1328-22.zip,八幡市,108
26210,26210-1328-22.zip,八幡市,109
26210,26210-1328-22.zip,八幡市,112
26210,26210-1328-22.zip,八幡市,127
26210,26210-1328-22.zip,八幡市,130
26210,26210-1328-22.zip,八幡市,133
26210,26210-1328-22.zip,八幡市,136
26210,26210-1328-22.zip,八幡市,110
26210,26210-1328-22.zip,八幡市,111
26210,26210-1328-22.zip,八幡市,112
26210,26210-1328-22.zip,八幡市,113
26210,26210-1328-22.zip,八幡市,114
26210,26210-1328-22.zip,八幡市,115
26210,26210-1328-22.zip,八幡市,116
26210,26210-1328-22.zip,八幡市,131
26210,26210-1328-22.zip,八幡市,132
26210,26210-1328-22.zip,八幡市,111
26210,26210-1328-22.zip,八幡市,112
26210,26210-1328-22.zip,八幡市,129
26210,26210-1328-22.zip,八幡市,130
26210,26210-1328-22.zip,八幡市,131-1
26210,26210-1328-22.zip,八幡市,131-2
26210,26210-1328-22.zip,八幡市,133
26210,26210-1328-22.zip,八幡市,134
26210,26210-1328-22.zip,八幡市,135-1
26210,26210-1328-22.zip,八幡市,135-2
26210,26210-1328-22.zip,八幡市,121
26210,26210-1328-22.zip,八幡市,135-1
26210,26210-1328-22.zip,八幡市,135-2
26210,26210-1328-22.zip,八幡市,136
26210,26210-1328-22.zip,八幡市,140
26210,26210-1328-22.zip,八幡市,141
26210,26210-1328-22.zip,八幡市,142
26210,26210-1328-22.zip,八幡市,143
26210,26210-1328-22.zip,八幡市,154
26210,26210-1328-22.zip,八幡市,157
26210,26210-1328-22.zip,八幡市,158
26210,26210-1328-22.zip,八幡市,159
26210,26210-1328-3.zip,八幡市,5-1
26210,26210-1328-3.zip,八幡市,5-2
26210,26210-1328-3.zip,八幡市,107
26210,26210-1328-36.zip,八幡市,55-12
26210,26210-1328-36.zip,八幡市,60-3
26210,26210-1328-36.zip,八幡市,62-1
26210,26210-1328-36.zip,八幡市,62-2
26210,26210-1328-36.zip,八幡市,62-3
26210,26210-1328-36.zip,八幡市,62-4
26210,26210-1328-36.zip,八幡市,62-5
26210,26210-1328-36.zip,八幡市,62-6
26210,26210-1328-36.zip,八幡市,63-1
26210,26210-1328-36.zip,八幡市,63-2
26210,26210-1328-36.zip,八幡市,63-3
26210,26210-1328-36.zip,八幡市,63-4
26210,26210-1328-36.zip,八幡市,63-5
26210,26210-1328-36.zip,八幡市,63-6
26210,26210-1328-36.zip,八幡市,153
26210,26210-1328-36.zip,八幡市,176
26210,26210-1328-36.zip,八幡市,184
26210,26210-1328-36.zip,八幡市,185
26210,26210-1328-36.zip,八幡市,186
26210,26210-1328-51.zip,八幡市,11-5
26210,26210-1328-51.zip,八幡市,11-6
26210,26210-1328-51.zip,八幡市,11-7
26210,26210-1328-51.zip,八幡市,11-8
26210,26210-1328-51.zip,八幡市,11-11
26210,26210-1328-51.zip,八幡市,11-12
26210,26210-1328-51.zip,八幡市,11-13
26210,26210-1328-51.zip,八幡市,11-14
26210,26210-1328-51.zip,八幡市,11-15
26210,26210-1328-51.zip,八幡市,11-16
26210,26210-1328-51.zip,八幡市,11-19
26210,26210-1328-51.zip,八幡市,30
26210,26210-1328-51.zip,八幡市,11-17
26210,26210-1328-51.zip,八幡市,11-20
26210,26210-1328-51.zip,八幡市,11-21
26210,26210-1328-51.zip,八幡市,11-22
26210,26210-1328-51.zip,八幡市,11-1
26210,26210-1328-51.zip,八幡市,11-23
26210,26210-1328-51.zip,八幡市,11-10
26210,26210-1328-51.zip,八幡市,11-24
26210,26210-1328-51.zip,八幡市,31X(2/2)
26210,26210-1328-51.zip,八幡市,11-9
26210,26210-1328-51.zip,八幡市,11-18
26210,26210-1328-52.zip,八幡市,12-9
26210,26210-1328-52.zip,八幡市,41
26210,26210-1328-53.zip,八幡市,18-13
26210,26210-1328-53.zip,八幡市,24X(2/2)
26210,26210-1328-54.zip,八幡市,20
26210,26210-1328-54.zip,八幡市,42
26210,26210-1328-54.zip,八幡市,19
26210,26210-1328-61.zip,八幡市,4-14
26210,26210-1328-61.zip,八幡市,4-15
26210,26210-1328-61.zip,八幡市,19
26210,26210-1328-61.zip,八幡市,10X(2/2)
26210,26210-1328-61.zip,八幡市,11X(2/2)
26210,26210-1328-61.zip,八幡市,18X(1/2)
26210,26210-1328-68.zip,八幡市,15-2
26210,26210-1328-68.zip,八幡市,25-10
26210,26210-1328-68.zip,八幡市,78-2
26210,26210-1328-68.zip,八幡市,22-11
26210,26210-1328-68.zip,八幡市,22-1
26210,26210-1328-68.zip,八幡市,22-18
26210,26210-1328-68.zip,八幡市,22-22
26210,26210-1328-68.zip,八幡市,22-4
26210,26210-1328-68.zip,八幡市,22-21
26210,26210-1328-68.zip,八幡市,22-20
26210,26210-1328-68.zip,八幡市,22-19
26210,26210-1328-68.zip,八幡市,22-7
26210,26210-1328-68.zip,八幡市,22-8
26210,26210-1328-68.zip,八幡市,22-9
26210,26210-1328-68.zip,八幡市,22-32
26210,26210-1328-68.zip,八幡市,22-33
26210,26210-1328-68.zip,八幡市,22-15
26210,26210-1328-68.zip,八幡市,22-34
26210,26210-1328-68.zip,八幡市,22-16
26210,26210-1328-68.zip,八幡市,22-17
26210,26210-1328-68.zip,八幡市,22-13
26210,26210-1328-68.zip,八幡市,22-38
26210,26210-1328-68.zip,八幡市,22-23
26210,26210-1328-68.zip,八幡市,22-24
26210,26210-1328-68.zip,八幡市,22-25
26210,26210-1328-68.zip,八幡市,22-26
26210,26210-1328-68.zip,八幡市,22-27
26210,26210-1328-68.zip,八幡市,22-28
26210,26210-1328-68.zip,八幡市,22-29
26210,26210-1328-68.zip,八幡市,22-31
26210,26210-1328-68.zip,八幡市,22-30
26210,26210-1328-68.zip,八幡市,22-37
26210,26210-1328-68.zip,八幡市,22-41
26210,26210-1328-68.zip,八幡市,22-42
26210,26210-1328-68.zip,八幡市,22-43
26210,26210-1328-68.zip,八幡市,22-44
26210,26210-1328-68.zip,八幡市,22-45
26210,26210-1328-68.zip,八幡市,22-36
26210,26210-1328-68.zip,八幡市,22-46
26210,26210-1328-68.zip,八幡市,22-47
26210,26210-1328-68.zip,八幡市,22-48
26210,26210-1328-68.zip,八幡市,24-7
26210,26210-1328-68.zip,八幡市,24-8
26210,26210-1328-68.zip,八幡市,24
26210,26210-1328-68.zip,八幡市,24-11
26210,26210-1328-68.zip,八幡市,24-12
26210,26210-1328-68.zip,八幡市,24-13
26210,26210-1328-68.zip,八幡市,24-14
26210,26210-1328-68.zip,八幡市,24-15
26210,26210-1328-68.zip,八幡市,24-17
26210,26210-1328-68.zip,八幡市,24-18
26210,26210-1328-68.zip,八幡市,24-19
26210,26210-1328-68.zip,八幡市,24-20
26210,26210-1328-68.zip,八幡市,24-21
26210,26210-1328-68.zip,八幡市,24-16
26210,26210-1328-68.zip,八幡市,22-40
26210,26210-1328-68.zip,八幡市,24-31
26210,26210-1328-68.zip,八幡市,24-23
26210,26210-1328-68.zip,八幡市,24-24
26210,26210-1328-68.zip,八幡市,24-25
26210,26210-1328-68.zip,八幡市,24-28
26210,26210-1328-68.zip,八幡市,24-29
26210,26210-1328-68.zip,八幡市,24-30
26210,26210-1328-68.zip,八幡市,24-27
26210,26210-1328-68.zip,八幡市,24-26
26210,26210-1328-68.zip,八幡市,24-2
26210,26210-1328-68.zip,八幡市,24-32
26210,26210-1328-68.zip,八幡市,24-3
26210,26210-1328-68.zip,八幡市,24-33
26210,26210-1328-68.zip,八幡市,24-34
26210,26210-1328-68.zip,八幡市,24-1
26210,26210-1328-68.zip,八幡市,25-40
26210,26210-1328-68.zip,八幡市,25-41
26210,26210-1328-68.zip,八幡市,25-15
26210,26210-1328-68.zip,八幡市,71-3
26210,26210-1328-68.zip,八幡市,71-4
26210,26210-1328-68.zip,八幡市,71-5
26210,26210-1328-68.zip,八幡市,71-2
26210,26210-1328-68.zip,八幡市,71-6
26210,26210-1328-68.zip,八幡市,71-8
26210,26210-1328-68.zip,八幡市,71-7
26210,26210-1328-68.zip,八幡市,71-1
26210,26210-1328-68.zip,八幡市,73-2
26210,26210-1328-68.zip,八幡市,73-4
26210,26210-1328-68.zip,八幡市,73-8
26210,26210-1328-68.zip,八幡市,73-9
26210,26210-1328-68.zip,八幡市,74-2
26210,26210-1328-68.zip,八幡市,74-3
26210,26210-1328-68.zip,八幡市,74-4
26210,26210-1328-68.zip,八幡市,74-5
26210,26210-1328-68.zip,八幡市,74-6
26210,26210-1328-68.zip,八幡市,76-2
26210,26210-1328-68.zip,八幡市,76-3
26210,26210-1328-68.zip,八幡市,77-1
26210,26210-1328-68.zip,八幡市,78-5
26210,26210-1328-68.zip,八幡市,78-6
26210,26210-1328-68.zip,八幡市,76-1
26210,26210-1328-68.zip,八幡市,76-5
26210,26210-1328-68.zip,八幡市,76-6
26210,26210-1328-68.zip,八幡市,76-7
26210,26210-1328-68.zip,八幡市,76-8
26210,26210-1328-68.zip,八幡市,76-9
26210,26210-1328-68.zip,八幡市,76-10
26210,26210-1328-68.zip,八幡市,76-11
26210,26210-1328-68.zip,八幡市,76-12
26210,26210-1328-68.zip,八幡市,76-13
26210,26210-1328-68.zip,八幡市,76-14
26210,26210-1328-68.zip,八幡市,76-15
26210,26210-1328-68.zip,八幡市,76-16
26210,26210-1328-68.zip,八幡市,76-17
26210,26210-1328-68.zip,八幡市,76-18
26210,26210-1328-68.zip,八幡市,76-20
26210,26210-1328-68.zip,八幡市,76-19
26210,26210-1328-68.zip,八幡市,76-21
26210,26210-1328-68.zip,八幡市,76-22
26210,26210-1328-68.zip,八幡市,76-23
26210,26210-1328-68.zip,八幡市,76-24
26210,26210-1328-68.zip,八幡市,79-2
26210,26210-1328-68.zip,八幡市,79-4
26210,26210-1328-68.zip,八幡市,79-1
26210,26210-1328-68.zip,八幡市,79-6
26210,26210-1328-68.zip,八幡市,79-7
26210,26210-1328-68.zip,八幡市,79-8
26210,26210-1328-68.zip,八幡市,79-9
26210,26210-1328-68.zip,八幡市,79-10
26210,26210-1328-68.zip,八幡市,79-11
26210,26210-1328-68.zip,八幡市,79-12
26210,26210-1328-68.zip,八幡市,79-13
26211,26211-1328-18.zip,京田辺市,70-9
26211,26211-1328-18.zip,京田辺市,70-1
26211,26211-1328-18.zip,京田辺市,1-97X(1/2)
26211,26211-1328-21.zip,京田辺市,17-1
26211,26211-1328-21.zip,京田辺市,17-6
26211,26211-1328-21.zip,京田辺市,17-7
26211,26211-1328-21.zip,京田辺市,8-7
26211,26211-1328-21.zip,京田辺市,8-13
26211,26211-1328-21.zip,京田辺市,8-14
26211,26211-1328-21.zip,京田辺市,8-15
26211,26211-1328-21.zip,京田辺市,8-16
26211,26211-1328-21.zip,京田辺市,8-17
26211,26211-1328-21.zip,京田辺市,8-18
26211,26211-1328-21.zip,京田辺市,8-19
26211,26211-1328-21.zip,京田辺市,8-20
26211,26211-1328-21.zip,京田辺市,8-21
26211,26211-1328-21.zip,京田辺市,8-22
26211,26211-1328-21.zip,京田辺市,8-23
26211,26211-1328-21.zip,京田辺市,9-2
26211,26211-1328-21.zip,京田辺市,9-3
26211,26211-1328-21.zip,京田辺市,9-4
26211,26211-1328-21.zip,京田辺市,9-5
26211,26211-1328-21.zip,京田辺市,9-15
26211,26211-1328-21.zip,京田辺市,9-16
26211,26211-1328-21.zip,京田辺市,9-45
26211,26211-1328-21.zip,京田辺市,17-2
26211,26211-1328-21.zip,京田辺市,17-4
26211,26211-1328-21.zip,京田辺市,17-5
26211,26211-1328-21.zip,京田辺市,17-6
26211,26211-1328-21.zip,京田辺市,90
26211,26211-1328-21.zip,京田辺市,115-1
26211,26211-1328-21.zip,京田辺市,122-1
26211,26211-1328-27.zip,京田辺市,72-2
26211,26211-1328-27.zip,京田辺市,80
26211,26211-1328-27.zip,京田辺市,85
26211,26211-1328-27.zip,京田辺市,86
26211,26211-1328-27.zip,京田辺市,90
26211,26211-1328-27.zip,京田辺市,90-1
26211,26211-1328-27.zip,京田辺市,93-1
26211,26211-1328-27.zip,京田辺市,34-1
26211,26211-1328-27.zip,京田辺市,34-2
26211,26211-1328-27.zip,京田辺市,50-1
26211,26211-1328-27.zip,京田辺市,55-2
26211,26211-1328-27.zip,京田辺市,72-1
26211,26211-1328-27.zip,京田辺市,51
26211,26211-1328-27.zip,京田辺市,76
26211,26211-1328-27.zip,京田辺市,81
26211,26211-1328-27.zip,京田辺市,60
26211,26211-1328-27.zip,京田辺市,81-3
26211,26211-1328-27.zip,京田辺市,95-5
26211,26211-1328-27.zip,京田辺市,93
26211,26211-1328-3.zip,京田辺市,89
26211,26211-1328-3.zip,京田辺市,12-1
26211,26211-1328-3.zip,京田辺市,12-6
26211,26211-1328-3.zip,京田辺市,12-7
26211,26211-1328-3.zip,京田辺市,13
26211,26211-1328-3.zip,京田辺市,13-1
26211,26211-1328-3.zip,京田辺市,13-2
26211,26211-1328-3.zip,京田辺市,13-4
26211,26211-1328-3.zip,京田辺市,13-7
26211,26211-1328-3.zip,京田辺市,13-8
26211,26211-1328-3.zip,京田辺市,13-9
26211,26211-1328-3.zip,京田辺市,13-10
26211,26211-1328-3.zip,京田辺市,14-1
26211,26211-1328-3.zip,京田辺市,14-2
26211,26211-1328-3.zip,京田辺市,14-3
26211,26211-1328-3.zip,京田辺市,14-4
26211,26211-1328-3.zip,京田辺市,15-1
26211,26211-1328-3.zip,京田辺市,15-2
26211,26211-1328-3.zip,京田辺市,15-3
26211,26211-1328-3.zip,京田辺市,16-1
26211,26211-1328-3.zip,京田辺市,16-2
26211,26211-1328-3.zip,京田辺市,17-1
26211,26211-1328-3.zip,京田辺市,44
26211,26211-1328-3.zip,京田辺市,45
26211,26211-1328-3.zip,京田辺市,46
26211,26211-1328-3.zip,京田辺市,49
26211,26211-1328-3.zip,京田辺市,49-3
26211,26211-1328-3.zip,京田辺市,50
26211,26211-1328-3.zip,京田辺市,50-4
26211,26211-1328-3.zip,京田辺市,51
26211,26211-1328-3.zip,京田辺市,51-7
26211,26211-1328-3.zip,京田辺市,51-8
26211,26211-1328-3.zip,京田辺市,1-1
26211,26211-1328-3.zip,京田辺市,2
26211,26211-1328-3.zip,京田辺市,54
26211,26211-1328-3.zip,京田辺市,32-2
26211,26211-1328-3.zip,京田辺市,41-1
26211,26211-1328-3.zip,京田辺市,65-3
26211,26211-1328-3.zip,京田辺市,65-4
26211,26211-1328-3.zip,京田辺市,65-5
26211,26211-1328-3.zip,京田辺市,66-4
26211,26211-1328-3.zip,京田辺市,66-6
26211,26211-1328-3.zip,京田辺市,66-7
26211,26211-1328-3.zip,京田辺市,67-1
26211,26211-1328-3.zip,京田辺市,68-1
26211,26211-1328-3.zip,京田辺市,69-5
26211,26211-1328-3.zip,京田辺市,51-1
26211,26211-1328-3.zip,京田辺市,41
26211,26211-1328-3.zip,京田辺市,42-1
26211,26211-1328-3.zip,京田辺市,44-1
26211,26211-1328-3.zip,京田辺市,44-2
26211,26211-1328-3.zip,京田辺市,50-6
26211,26211-1328-3.zip,京田辺市,53
26211,26211-1328-3.zip,京田辺市,58
26211,26211-1328-3.zip,京田辺市,59
26211,26211-1328-3.zip,京田辺市,6-2
26211,26211-1328-3.zip,京田辺市,6-4
26211,26211-1328-3.zip,京田辺市,6-6
26211,26211-1328-3.zip,京田辺市,17-1
26211,26211-1328-3.zip,京田辺市,17-6
26211,26211-1328-3.zip,京田辺市,17-9
26211,26211-1328-3.zip,京田辺市,17-10
26211,26211-1328-3.zip,京田辺市,17-11
26211,26211-1328-3.zip,京田辺市,17-15
26211,26211-1328-3.zip,京田辺市,18-2
26211,26211-1328-3.zip,京田辺市,18-5
26211,26211-1328-3.zip,京田辺市,18-6
26211,26211-1328-3.zip,京田辺市,18-7
26211,26211-1328-3.zip,京田辺市,20-2
26211,26211-1328-3.zip,京田辺市,20-3
26211,26211-1328-3.zip,京田辺市,20-4
26211,26211-1328-3.zip,京田辺市,36
26211,26211-1328-3.zip,京田辺市,4
26211,26211-1328-3.zip,京田辺市,33
26211,26211-1328-3.zip,京田辺市,34
26211,26211-1328-3.zip,京田辺市,35
26211,26211-1328-3.zip,京田辺市,1
26211,26211-1328-3.zip,京田辺市,30
26211,26211-1328-3.zip,京田辺市,12-1
26211,26211-1328-3.zip,京田辺市,15
26211,26211-1328-3.zip,京田辺市,24-1
26211,26211-1328-3.zip,京田辺市,1
26211,26211-1328-3.zip,京田辺市,51-6
26211,26211-1328-3.zip,京田辺市,5-4
26211,26211-1328-3.zip,京田辺市,46-1
26211,26211-1328-3.zip,京田辺市,46-4
26211,26211-1328-3.zip,京田辺市,46-5
26211,26211-1328-3.zip,京田辺市,5-2
26211,26211-1328-3.zip,京田辺市,5-7
26211,26211-1328-3.zip,京田辺市,50-5
26211,26211-1328-30.zip,京田辺市,65
26211,26211-1328-30.zip,京田辺市,113
26211,26211-1328-30.zip,京田辺市,59
26211,26211-1328-30.zip,京田辺市,60
26211,26211-1328-30.zip,京田辺市,71-1
26211,26211-1328-30.zip,京田辺市,72
26211,26211-1328-30.zip,京田辺市,1-1
26211,26211-1328-30.zip,京田辺市,1-2
26211,26211-1328-30.zip,京田辺市,92-1
26211,26211-1328-30.zip,京田辺市,100
26211,26211-1328-30.zip,京田辺市,101
26211,26211-1328-30.zip,京田辺市,103
26211,26211-1328-30.zip,京田辺市,103-2
26211,26211-1328-30.zip,京田辺市,109
26211,26211-1328-30.zip,京田辺市,89-1
26211,26211-1328-30.zip,京田辺市,29-1
26211,26211-1328-30.zip,京田辺市,29-5
26211,26211-1328-30.zip,京田辺市,30-1
26211,26211-1328-30.zip,京田辺市,31-1
26211,26211-1328-30.zip,京田辺市,31-2
26211,26211-1328-30.zip,京田辺市,31-2
26211,26211-1328-30.zip,京田辺市,33-1
26211,26211-1328-30.zip,京田辺市,33-3
26211,26211-1328-30.zip,京田辺市,39
26211,26211-1328-30.zip,京田辺市,39-3
26211,26211-1328-30.zip,京田辺市,40-2
26211,26211-1328-30.zip,京田辺市,41
26211,26211-1328-30.zip,京田辺市,42
26211,26211-1328-30.zip,京田辺市,43
26211,26211-1328-30.zip,京田辺市,44-1
26211,26211-1328-30.zip,京田辺市,44-2
26211,26211-1328-30.zip,京田辺市,46
26211,26211-1328-30.zip,京田辺市,66-1
26211,26211-1328-30.zip,京田辺市,66-2
26211,26211-1328-30.zip,京田辺市,67
26211,26211-1328-30.zip,京田辺市,68
26211,26211-1328-30.zip,京田辺市,69
26211,26211-1328-30.zip,京田辺市,80
26211,26211-1328-30.zip,京田辺市,81
26211,26211-1328-30.zip,京田辺市,82
26211,26211-1328-30.zip,京田辺市,84
26211,26211-1328-30.zip,京田辺市,86-1
26211,26211-1328-30.zip,京田辺市,86-2
26211,26211-1328-30.zip,京田辺市,86-3
26211,26211-1328-30.zip,京田辺市,87
26211,26211-1328-30.zip,京田辺市,88-1
26211,26211-1328-30.zip,京田辺市,88-2
26211,26211-1328-35.zip,京田辺市,103
26211,26211-1328-35.zip,京田辺市,104
26211,26211-1328-35.zip,京田辺市,107
26211,26211-1328-35.zip,京田辺市,108
26211,26211-1328-35.zip,京田辺市,111
26211,26211-1328-35.zip,京田辺市,112
26211,26211-1328-35.zip,京田辺市,113
26211,26211-1328-35.zip,京田辺市,121
26211,26211-1328-35.zip,京田辺市,132
26211,26211-1328-35.zip,京田辺市,134
26211,26211-1328-35.zip,京田辺市,135
26211,26211-1328-35.zip,京田辺市,138
26211,26211-1328-35.zip,京田辺市,139
26211,26211-1328-35.zip,京田辺市,70
26211,26211-1328-35.zip,京田辺市,71
26211,26211-1328-35.zip,京田辺市,72
26211,26211-1328-35.zip,京田辺市,78
26211,26211-1328-35.zip,京田辺市,85
26211,26211-1328-35.zip,京田辺市,86
26211,26211-1328-35.zip,京田辺市,89
26211,26211-1328-35.zip,京田辺市,50
26211,26211-1328-35.zip,京田辺市,51
26211,26211-1328-35.zip,京田辺市,52
26211,26211-1328-35.zip,京田辺市,53
26211,26211-1328-35.zip,京田辺市,81
26211,26211-1328-35.zip,京田辺市,89
26211,26211-1328-35.zip,京田辺市,90
26211,26211-1328-35.zip,京田辺市,76
26211,26211-1328-35.zip,京田辺市,77
26211,26211-1328-35.zip,京田辺市,78
26211,26211-1328-35.zip,京田辺市,88
26211,26211-1328-35.zip,京田辺市,90
26211,26211-1328-35.zip,京田辺市,93
26211,26211-1328-35.zip,京田辺市,122-1
26211,26211-1328-35.zip,京田辺市,122-2
26211,26211-1328-35.zip,京田辺市,141
26211,26211-1328-38.zip,京田辺市,40
26211,26211-1328-38.zip,京田辺市,64
26211,26211-1328-38.zip,京田辺市,70
26211,26211-1328-38.zip,京田辺市,72-1
26211,26211-1328-38.zip,京田辺市,72-2
26211,26211-1328-38.zip,京田辺市,73
26211,26211-1328-38.zip,京田辺市,74
26211,26211-1328-38.zip,京田辺市,75
26211,26211-1328-38.zip,京田辺市,76
26211,26211-1328-38.zip,京田辺市,77
26211,26211-1328-38.zip,京田辺市,78
26211,26211-1328-38.zip,京田辺市,79
26211,26211-1328-38.zip,京田辺市,81
26211,26211-1328-38.zip,京田辺市,115
26211,26211-1328-38.zip,京田辺市,117
26211,26211-1328-38.zip,京田辺市,117-2
26211,26211-1328-38.zip,京田辺市,117-3
26211,26211-1328-38.zip,京田辺市,117-5
26211,26211-1328-38.zip,京田辺市,117-6
26211,26211-1328-38.zip,京田辺市,118
26211,26211-1328-38.zip,京田辺市,78
26211,26211-1328-38.zip,京田辺市,79-1
26211,26211-1328-38.zip,京田辺市,79-2
26211,26211-1328-38.zip,京田辺市,196
26211,26211-1328-38.zip,京田辺市,201
26211,26211-1328-38.zip,京田辺市,201-1
26211,26211-1328-38.zip,京田辺市,204
26211,26211-1328-38.zip,京田辺市,58
26211,26211-1328-38.zip,京田辺市,59
26211,26211-1328-38.zip,京田辺市,69
26211,26211-1328-38.zip,京田辺市,83
26211,26211-1328-38.zip,京田辺市,84
26211,26211-1328-38.zip,京田辺市,86
26211,26211-1328-38.zip,京田辺市,87-2
26211,26211-1328-38.zip,京田辺市,88-1
26211,26211-1328-38.zip,京田辺市,88-2
26211,26211-1328-38.zip,京田辺市,88-3
26211,26211-1328-38.zip,京田辺市,88-4
26211,26211-1328-38.zip,京田辺市,88-5
26211,26211-1328-38.zip,京田辺市,97
26211,26211-1328-38.zip,京田辺市,98
26211,26211-1328-38.zip,京田辺市,99
26211,26211-1328-38.zip,京田辺市,44
26211,26211-1328-38.zip,京田辺市,74
26211,26211-1328-38.zip,京田辺市,53-1
26211,26211-1328-38.zip,京田辺市,10
26211,26211-1328-38.zip,京田辺市,11-1
26211,26211-1328-38.zip,京田辺市,13
26211,26211-1328-38.zip,京田辺市,14
26211,26211-1328-38.zip,京田辺市,15
26211,26211-1328-38.zip,京田辺市,16
26211,26211-1328-38.zip,京田辺市,17-1
26211,26211-1328-38.zip,京田辺市,17-2
26211,26211-1328-38.zip,京田辺市,18
26211,26211-1328-38.zip,京田辺市,19
26211,26211-1328-38.zip,京田辺市,20
26211,26211-1328-38.zip,京田辺市,22
26211,26211-1328-38.zip,京田辺市,23-1
26211,26211-1328-38.zip,京田辺市,23-2
26211,26211-1328-38.zip,京田辺市,24-1
26211,26211-1328-38.zip,京田辺市,24-2
26211,26211-1328-38.zip,京田辺市,24-5
26211,26211-1328-38.zip,京田辺市,27-1
26211,26211-1328-38.zip,京田辺市,28-1
26211,26211-1328-38.zip,京田辺市,28-2
26211,26211-1328-38.zip,京田辺市,28-3
26211,26211-1328-38.zip,京田辺市,29-1
26211,26211-1328-38.zip,京田辺市,29-2
26211,26211-1328-38.zip,京田辺市,31
26211,26211-1328-38.zip,京田辺市,34
26211,26211-1328-38.zip,京田辺市,24
26211,26211-1328-38.zip,京田辺市,25
26211,26211-1328-38.zip,京田辺市,27
26211,26211-1328-38.zip,京田辺市,60
26211,26211-1328-38.zip,京田辺市,65
26211,26211-1328-38.zip,京田辺市,66-1
26211,26211-1328-38.zip,京田辺市,15
26211,26211-1328-38.zip,京田辺市,22
26211,26211-1328-38.zip,京田辺市,23
26211,26211-1328-38.zip,京田辺市,24
26211,26211-1328-38.zip,京田辺市,1
26211,26211-1328-38.zip,京田辺市,2-1
26211,26211-1328-38.zip,京田辺市,3
26211,26211-1328-38.zip,京田辺市,85
26211,26211-1328-38.zip,京田辺市,86
26211,26211-1328-38.zip,京田辺市,87
26211,26211-1328-4.zip,京田辺市,1-97X(2/2)
26211,26211-1328-4.zip,京田辺市,1-331
26211,26211-1328-4.zip,京田辺市,1-329
26211,26211-1328-4.zip,京田辺市,1-330
26211,26211-1328-4.zip,京田辺市,1-332
26211,26211-1328-4.zip,京田辺市,1-333
26211,26211-1328-4.zip,京田辺市,1-349
26211,26211-1328-4.zip,京田辺市,1-1
26211,26211-1328-49.zip,京田辺市,13
26211,26211-1328-49.zip,京田辺市,14
26211,26211-1328-53.zip,京田辺市,1-1
26211,26211-1328-53.zip,京田辺市,1-4
26211,26211-1328-53.zip,京田辺市,6-1
26211,26211-1328-53.zip,京田辺市,6-2
26211,26211-1328-53.zip,京田辺市,1
26211,26211-1328-53.zip,京田辺市,1-2
26211,26211-1328-53.zip,京田辺市,1-3
26211,26211-1328-53.zip,京田辺市,1-4
26211,26211-1328-53.zip,京田辺市,1-6
26211,26211-1328-53.zip,京田辺市,7-1
26211,26211-1328-53.zip,京田辺市,12
26211,26211-1328-53.zip,京田辺市,13
26211,26211-1328-53.zip,京田辺市,25-3
26211,26211-1328-53.zip,京田辺市,25-4
26211,26211-1328-53.zip,京田辺市,25-6
26211,26211-1328-53.zip,京田辺市,26-4
26211,26211-1328-53.zip,京田辺市,26-5
26211,26211-1328-53.zip,京田辺市,27-2
26211,26211-1328-53.zip,京田辺市,28
26211,26211-1328-53.zip,京田辺市,30-3
26211,26211-1328-53.zip,京田辺市,30-4
26211,26211-1328-53.zip,京田辺市,30-5
26211,26211-1328-53.zip,京田辺市,32-2
26211,26211-1328-53.zip,京田辺市,32-3
26211,26211-1328-53.zip,京田辺市,41-2
26211,26211-1328-53.zip,京田辺市,3-2
26211,26211-1328-53.zip,京田辺市,3-3
26211,26211-1328-53.zip,京田辺市,3-4
26211,26211-1328-53.zip,京田辺市,1
26211,26211-1328-53.zip,京田辺市,1-3
26211,26211-1328-53.zip,京田辺市,1-4
26211,26211-1328-53.zip,京田辺市,2
26211,26211-1328-53.zip,京田辺市,2-2
26211,26211-1328-53.zip,京田辺市,3-1W2
26211,26211-1328-53.zip,京田辺市,6-4
26211,26211-1328-53.zip,京田辺市,9-1
26211,26211-1328-53.zip,京田辺市,10-2
26211,26211-1328-53.zip,京田辺市,10-3
26211,26211-1328-53.zip,京田辺市,11-1
26211,26211-1328-53.zip,京田辺市,11-2
26211,26211-1328-53.zip,京田辺市,25-1
26211,26211-1328-53.zip,京田辺市,25-3
26211,26211-1328-53.zip,京田辺市,25-4
26211,26211-1328-53.zip,京田辺市,25-5
26211,26211-1328-53.zip,京田辺市,26-1
26211,26211-1328-53.zip,京田辺市,26-2
26211,26211-1328-53.zip,京田辺市,26-3
26211,26211-1328-53.zip,京田辺市,26-4
26211,26211-1328-53.zip,京田辺市,4-2
26211,26211-1328-53.zip,京田辺市,5-3
26211,26211-1328-53.zip,京田辺市,9-1
26211,26211-1328-53.zip,京田辺市,9-2
26211,26211-1328-53.zip,京田辺市,59
26211,26211-1328-53.zip,京田辺市,60-1
26211,26211-1328-53.zip,京田辺市,61
26211,26211-1328-53.zip,京田辺市,62
26211,26211-1328-53.zip,京田辺市,63-1
26211,26211-1328-53.zip,京田辺市,63-7
26211,26211-1328-53.zip,京田辺市,63-8
26211,26211-1328-53.zip,京田辺市,74-121
26211,26211-1328-53.zip,京田辺市,31-2
26211,26211-1328-53.zip,京田辺市,32-2
26211,26211-1328-53.zip,京田辺市,30-6
26211,26211-1328-53.zip,京田辺市,30-7
26211,26211-1328-53.zip,京田辺市,30-1
26211,26211-1328-53.zip,京田辺市,23-1
26211,26211-1328-53.zip,京田辺市,23-3
26211,26211-1328-53.zip,京田辺市,23-2
26211,26211-1328-53.zip,京田辺市,23-4
26211,26211-1328-53.zip,京田辺市,26-1
26211,26211-1328-53.zip,京田辺市,26-6
26211,26211-1328-53.zip,京田辺市,25-2
26211,26211-1328-53.zip,京田辺市,25-7
26211,26211-1328-53.zip,京田辺市,25-5
26211,26211-1328-53.zip,京田辺市,8
26211,26211-1328-59.zip,京田辺市,64-1
26211,26211-1328-59.zip,京田辺市,64-2
26211,26211-1328-59.zip,京田辺市,64-3
26211,26211-1328-59.zip,京田辺市,64-8
26211,26211-1328-59.zip,京田辺市,64-9
26211,26211-1328-59.zip,京田辺市,43
26211,26211-1328-59.zip,京田辺市,45
26211,26211-1328-59.zip,京田辺市,68
26211,26211-1328-59.zip,京田辺市,69
26211,26211-1328-59.zip,京田辺市,88
26211,26211-1328-61.zip,京田辺市,124
26211,26211-1328-61.zip,京田辺市,125
26211,26211-1328-61.zip,京田辺市,127
26211,26211-1328-61.zip,京田辺市,128
26211,26211-1328-61.zip,京田辺市,134
26211,26211-1328-61.zip,京田辺市,108
26211,26211-1328-61.zip,京田辺市,109
26211,26211-1328-61.zip,京田辺市,110
26211,26211-1328-61.zip,京田辺市,111
26211,26211-1328-61.zip,京田辺市,112
26211,26211-1328-61.zip,京田辺市,113
26211,26211-1328-61.zip,京田辺市,114
26211,26211-1328-61.zip,京田辺市,115
26211,26211-1328-61.zip,京田辺市,123
26211,26211-1328-61.zip,京田辺市,124
26211,26211-1328-61.zip,京田辺市,130
26211,26211-1328-61.zip,京田辺市,132
26211,26211-1328-61.zip,京田辺市,136
26211,26211-1328-7.zip,京田辺市,29
26211,26211-1328-7.zip,京田辺市,12-1
26211,26211-1328-7.zip,京田辺市,12-2
26211,26211-1328-7.zip,京田辺市,46-11
26211,26211-1328-7.zip,京田辺市,46-20
26211,26211-1328-7.zip,京田辺市,46-21
26211,26211-1328-7.zip,京田辺市,46-22
26211,26211-1328-7.zip,京田辺市,46-25
26211,26211-1328-7.zip,京田辺市,16
26211,26211-1328-7.zip,京田辺市,18
26213,26213-1301-110.zip,南丹市,1
26213,26213-1301-110.zip,南丹市,2
26213,26213-1301-110.zip,南丹市,14
26213,26213-1301-110.zip,南丹市,15
26213,26213-1301-110.zip,南丹市,16
26213,26213-1301-398.zip,南丹市,4
26213,26213-1301-398.zip,南丹市,104
26213,26213-1301-398.zip,南丹市,205
26213,26213-1301-55.zip,南丹市,59
26213,26213-1301-55.zip,南丹市,60
26213,26213-1301-55.zip,南丹市,72
26213,26213-1301-55.zip,南丹市,76
26213,26213-1301-55.zip,南丹市,84
26214,26214-1312-103.zip,木津川市,1-5
26214,26214-1312-103.zip,木津川市,100
26214,26214-1312-103.zip,木津川市,102
26214,26214-1312-103.zip,木津川市,3-6
26214,26214-1312-103.zip,木津川市,5-3
26214,26214-1312-103.zip,木津川市,6-2
26214,26214-1312-103.zip,木津川市,30-1
26214,26214-1312-103.zip,木津川市,30-2
26214,26214-1312-103.zip,木津川市,1-3
26214,26214-1312-103.zip,木津川市,5-5
26214,26214-1312-103.zip,木津川市,6-1
26214,26214-1312-103.zip,木津川市,24-26
26214,26214-1312-103.zip,木津川市,23
26214,26214-1312-103.zip,木津川市,2-136
26214,26214-1312-103.zip,木津川市,1-23
26214,26214-1312-103.zip,木津川市,1-1
26214,26214-1312-103.zip,木津川市,1-24
26214,26214-1312-103.zip,木津川市,1-2
26214,26214-1312-103.zip,木津川市,2-232
26214,26214-1312-103.zip,木津川市,3-5
26214,26214-1312-73.zip,木津川市,39-1
26214,26214-1312-73.zip,木津川市,41
26214,26214-1312-73.zip,木津川市,43
26214,26214-1312-73.zip,木津川市,46-1
26214,26214-1312-73.zip,木津川市,48-2
26214,26214-1312-73.zip,木津川市,49
26214,26214-1312-73.zip,木津川市,54
26214,26214-1312-73.zip,木津川市,55
26214,26214-1312-73.zip,木津川市,58
26214,26214-1312-73.zip,木津川市,59
26214,26214-1312-73.zip,木津川市,61
26214,26214-1312-73.zip,木津川市,63
26214,26214-1312-73.zip,木津川市,64
26214,26214-1312-73.zip,木津川市,70-1
26214,26214-1312-73.zip,木津川市,71-1
26214,26214-1312-73.zip,木津川市,75-1
26214,26214-1312-73.zip,木津川市,76
26214,26214-1312-73.zip,木津川市,8-1
26214,26214-1312-73.zip,木津川市,10-1
26214,26214-1312-73.zip,木津川市,11-1
26214,26214-1312-73.zip,木津川市,12-1
26214,26214-1312-73.zip,木津川市,13-1
26214,26214-1312-73.zip,木津川市,14-1
26214,26214-1312-73.zip,木津川市,18-1
26214,26214-1312-73.zip,木津川市,21-1
26214,26214-1312-73.zip,木津川市,28-2
26214,26214-1312-73.zip,木津川市,29-1
26214,26214-1312-73.zip,木津川市,35
26214,26214-1312-73.zip,木津川市,36-1
26214,26214-1312-73.zip,木津川市,36-2
26214,26214-1312-73.zip,木津川市,37
26214,26214-1312-73.zip,木津川市,37-3
26214,26214-1312-73.zip,木津川市,38-1
26214,26214-1312-73.zip,木津川市,38-3
26214,26214-1312-73.zip,木津川市,1
26214,26214-1312-73.zip,木津川市,2
26214,26214-1312-73.zip,木津川市,2-1W2
26214,26214-1312-73.zip,木津川市,2-2
26214,26214-1312-73.zip,木津川市,8
26214,26214-1312-73.zip,木津川市,9-1
26214,26214-1312-73.zip,木津川市,16-1
26214,26214-1312-73.zip,木津川市,16-2
26214,26214-1312-73.zip,木津川市,90
26214,26214-1312-73.zip,木津川市,25-1
26214,26214-1312-73.zip,木津川市,26-1
26214,26214-1312-73.zip,木津川市,26-2
26214,26214-1312-73.zip,木津川市,27
26214,26214-1312-73.zip,木津川市,29
26214,26214-1312-73.zip,木津川市,30
26214,26214-1312-73.zip,木津川市,13-1
26214,26214-1312-87.zip,木津川市,1
26214,26214-1312-87.zip,木津川市,1-1
26214,26214-1312-87.zip,木津川市,1-2
26214,26214-1312-87.zip,木津川市,1-3
26214,26214-1312-87.zip,木津川市,1-4
26214,26214-1312-87.zip,木津川市,1-5
26214,26214-1312-87.zip,木津川市,2
26214,26214-1312-87.zip,木津川市,5
26214,26214-1312-87.zip,木津川市,7-1
26214,26214-1312-87.zip,木津川市,1-2
26214,26214-1312-87.zip,木津川市,2
26214,26214-1312-87.zip,木津川市,3
26214,26214-1312-87.zip,木津川市,4
26214,26214-1312-87.zip,木津川市,9
26214,26214-1312-87.zip,木津川市,10
26214,26214-1312-87.zip,木津川市,11
26214,26214-1312-87.zip,木津川市,12
26214,26214-1312-87.zip,木津川市,13
26214,26214-1312-87.zip,木津川市,14
26214,26214-1312-87.zip,木津川市,15
26214,26214-1312-87.zip,木津川市,16-2
26214,26214-1312-87.zip,木津川市,23-2
26214,26214-1312-87.zip,木津川市,33
26214,26214-1312-87.zip,木津川市,10
26214,26214-1312-87.zip,木津川市,11
26214,26214-1312-87.zip,木津川市,12
26214,26214-1312-87.zip,木津川市,13
26214,26214-1312-87.zip,木津川市,14
26214,26214-1312-87.zip,木津川市,15-1
26214,26214-1312-87.zip,木津川市,15-2
26322,26322-1328-30.zip,久世郡久御山町,128
26322,26322-1328-30.zip,久世郡久御山町,129
26322,26322-1328-30.zip,久世郡久御山町,134
26322,26322-1328-30.zip,久世郡久御山町,136
26322,26322-1328-30.zip,久世郡久御山町,137
26322,26322-1328-30.zip,久世郡久御山町,132
26344,26344-1328-40.zip,綴喜郡宇治田原町,12
26344,26344-1328-40.zip,綴喜郡宇治田原町,16
26344,26344-1328-40.zip,綴喜郡宇治田原町,37
26365,26365-1312-10.zip,相楽郡和束町,35
26365,26365-1312-10.zip,相楽郡和束町,37
26365,26365-1312-10.zip,相楽郡和束町,38
26365,26365-1312-10.zip,相楽郡和束町,39
26365,26365-1312-10.zip,相楽郡和束町,62
26365,26365-1312-10.zip,相楽郡和束町,74-1
26365,26365-1312-10.zip,相楽郡和束町,20-2
26365,26365-1312-10.zip,相楽郡和束町,22-4
26365,26365-1312-10.zip,相楽郡和束町,49-2
26365,26365-1312-10.zip,相楽郡和束町,49-6
26365,26365-1312-11.zip,相楽郡和束町,135
26365,26365-1312-11.zip,相楽郡和束町,139
26365,26365-1312-11.zip,相楽郡和束町,140-1
26365,26365-1312-11.zip,相楽郡和束町,122
26365,26365-1312-11.zip,相楽郡和束町,151
26365,26365-1312-11.zip,相楽郡和束町,154
26365,26365-1312-11.zip,相楽郡和束町,158
26365,26365-1312-12.zip,相楽郡和束町,75
26365,26365-1312-12.zip,相楽郡和束町,158
26365,26365-1312-12.zip,相楽郡和束町,45
26365,26365-1312-12.zip,相楽郡和束町,110-1
26365,26365-1312-12.zip,相楽郡和束町,205
26365,26365-1312-12.zip,相楽郡和束町,206
26365,26365-1312-13.zip,相楽郡和束町,30
26365,26365-1312-13.zip,相楽郡和束町,199
26365,26365-1312-13.zip,相楽郡和束町,199-10
26365,26365-1312-14.zip,相楽郡和束町,82-1
26365,26365-1312-14.zip,相楽郡和束町,163
26365,26365-1312-14.zip,相楽郡和束町,164
26365,26365-1312-14.zip,相楽郡和束町,166
26365,26365-1312-14.zip,相楽郡和束町,169
26365,26365-1312-16.zip,相楽郡和束町,270
26365,26365-1312-18.zip,相楽郡和束町,52-1
26365,26365-1312-18.zip,相楽郡和束町,52-2
26365,26365-1312-18.zip,相楽郡和束町,52-3
26365,26365-1312-18.zip,相楽郡和束町,52-4
26365,26365-1312-18.zip,相楽郡和束町,53-2
26365,26365-1312-18.zip,相楽郡和束町,54
26365,26365-1312-18.zip,相楽郡和束町,62
26365,26365-1312-33.zip,相楽郡和束町,20
26365,26365-1312-33.zip,相楽郡和束町,20-1
26365,26365-1312-33.zip,相楽郡和束町,24
26365,26365-1312-33.zip,相楽郡和束町,40
26365,26365-1312-33.zip,相楽郡和束町,45
26365,26365-1312-33.zip,相楽郡和束町,12
26365,26365-1312-33.zip,相楽郡和束町,27
26365,26365-1312-33.zip,相楽郡和束町,28
26365,26365-1312-33.zip,相楽郡和束町,30
26365,26365-1312-33.zip,相楽郡和束町,31
26365,26365-1312-33.zip,相楽郡和束町,34
26365,26365-1312-33.zip,相楽郡和束町,37
26365,26365-1312-33.zip,相楽郡和束町,37-2
26365,26365-1312-34.zip,相楽郡和束町,16-1
26365,26365-1312-34.zip,相楽郡和束町,16-2
26365,26365-1312-34.zip,相楽郡和束町,17-1
26365,26365-1312-34.zip,相楽郡和束町,18-2
26365,26365-1312-34.zip,相楽郡和束町,19-1
26365,26365-1312-34.zip,相楽郡和束町,19-2
26365,26365-1312-34.zip,相楽郡和束町,19-3
26365,26365-1312-34.zip,相楽郡和束町,20-1
26365,26365-1312-34.zip,相楽郡和束町,20-2
26365,26365-1312-34.zip,相楽郡和束町,21
26365,26365-1312-34.zip,相楽郡和束町,23-1
26365,26365-1312-34.zip,相楽郡和束町,24-1
26365,26365-1312-34.zip,相楽郡和束町,25-1
26365,26365-1312-34.zip,相楽郡和束町,25-2
26365,26365-1312-34.zip,相楽郡和束町,25-3
26365,26365-1312-34.zip,相楽郡和束町,65-1
26365,26365-1312-34.zip,相楽郡和束町,67
26365,26365-1312-34.zip,相楽郡和束町,70-1
26365,26365-1312-34.zip,相楽郡和束町,70-3
26365,26365-1312-34.zip,相楽郡和束町,71
26365,26365-1312-34.zip,相楽郡和束町,72
26365,26365-1312-34.zip,相楽郡和束町,78-6
26365,26365-1312-34.zip,相楽郡和束町,78-8
26365,26365-1312-34.zip,相楽郡和束町,78-9
26365,26365-1312-34.zip,相楽郡和束町,68-1
26365,26365-1312-34.zip,相楽郡和束町,68-3
26365,26365-1312-34.zip,相楽郡和束町,70
26366,26366-1312-35.zip,相楽郡精華町,48
26366,26366-1312-35.zip,相楽郡精華町,48-1
26366,26366-1312-35.zip,相楽郡精華町,51
26366,26366-1312-35.zip,相楽郡精華町,52
26366,26366-1312-35.zip,相楽郡精華町,54
26366,26366-1312-35.zip,相楽郡精華町,55
26366,26366-1312-35.zip,相楽郡精華町,60
26366,26366-1312-35.zip,相楽郡精華町,61
26366,26366-1312-35.zip,相楽郡精華町,113
26366,26366-1312-35.zip,相楽郡精華町,114
26366,26366-1312-35.zip,相楽郡精華町,116
26366,26366-1312-35.zip,相楽郡精華町,118
26366,26366-1312-35.zip,相楽郡精華町,213
26366,26366-1312-35.zip,相楽郡精華町,214
26367,26367-1312-25.zip,相楽郡南山城村,39
26367,26367-1312-25.zip,相楽郡南山城村,43
26367,26367-1312-25.zip,相楽郡南山城村,44
26367,26367-1312-25.zip,相楽郡南山城村,45
26367,26367-1312-25.zip,相楽郡南山城村,46
26367,26367-1312-25.zip,相楽郡南山城村,49
26367,26367-1312-25.zip,相楽郡南山城村,50
26367,26367-1312-25.zip,相楽郡南山城村,51
26367,26367-1312-25.zip,相楽郡南山城村,52
26367,26367-1312-25.zip,相楽郡南山城村,53
26367,26367-1312-25.zip,相楽郡南山城村,52
26367,26367-1312-25.zip,相楽郡南山城村,61
26367,26367-1312-25.zip,相楽郡南山城村,62
26407,26407-1301-38.zip,船井郡京丹波町,40
26407,26407-1301-38.zip,船井郡京丹波町,41
26407,26407-1301-38.zip,船井郡京丹波町,45
26463,26463-1302-7.zip,与謝郡伊根町,620-1
26463,26463-1302-7.zip,与謝郡伊根町,621
26463,26463-1302-7.zip,与謝郡伊根町,622
26463,26463-1302-7.zip,与謝郡伊根町,623
26463,26463-1302-7.zip,与謝郡伊根町,625
26463,26463-1302-7.zip,与謝郡伊根町,626
26463,26463-1302-7.zip,与謝郡伊根町,627-1
26463,26463-1302-7.zip,与謝郡伊根町,627-2
26463,26463-1302-7.zip,与謝郡伊根町,628
26463,26463-1302-7.zip,与謝郡伊根町,629
26463,26463-1302-7.zip,与謝郡伊根町,630
26463,26463-1302-7.zip,与謝郡伊根町,631
26463,26463-1302-7.zip,与謝郡伊根町,632
26463,26463-1302-7.zip,与謝郡伊根町,633
26463,26463-1302-7.zip,与謝郡伊根町,635
26463,26463-1302-7.zip,与謝郡伊根町,636
26463,26463-1302-7.zip,与謝郡伊根町,637
26463,26463-1302-7.zip,与謝郡伊根町,638
26463,26463-1302-7.zip,与謝郡伊根町,639
26463,26463-1302-7.zip,与謝郡伊根町,640
26463,26463-1302-7.zip,与謝郡伊根町,641
26463,26463-1302-7.zip,与謝郡伊根町,642
26463,26463-1302-7.zip,与謝郡伊根町,643
26465,26465-1302-100.zip,与謝郡与謝野町,7001-12
26465,26465-1302-100.zip,与謝郡与謝野町,7001-11
26465,26465-1302-100.zip,与謝郡与謝野町,7001-4
26465,26465-1302-46.zip,与謝郡与謝野町,1049-1
26465,26465-1302-46.zip,与謝郡与謝野町,1620-3
26465,26465-1302-46.zip,与謝郡与謝野町,1620-4
26465,26465-1302-46.zip,与謝郡与謝野町,1621-3
26465,26465-1302-46.zip,与謝郡与謝野町,1622-3
26465,26465-1302-46.zip,与謝郡与謝野町,1623-2
26465,26465-1302-46.zip,与謝郡与謝野町,1600
26465,26465-1302-47.zip,与謝郡与謝野町,880-4
26465,26465-1302-47.zip,与謝郡与謝野町,882-2
26465,26465-1302-68.zip,与謝郡与謝野町,2837
26465,26465-1302-68.zip,与謝郡与謝野町,2841-1
26465,26465-1302-68.zip,与謝郡与謝野町,2859
