zip_file,chiban
29201-1500-130.zip,4150
29201-1500-131.zip,1751
29201-1500-138.zip,3476-1
29201-1500-140.zip,1462-1
29201-1500-141.zip,64-13
29201-1500-142.zip,3096-2
29201-1500-143.zip,1562-1
29201-1500-144.zip,1561-1
29201-1500-2.zip,235-1
29201-1500-21.zip,23-1
29201-1500-22.zip,2504
29201-1500-23.zip,1969-1
29201-1500-24.zip,1372
29201-1500-25.zip,281-44
29201-1500-28.zip,360-4
29201-1500-29.zip,1963
29201-1500-3.zip,1544-3
29201-1500-36.zip,313
29201-1500-37.zip,9
29201-1500-379.zip,895
29201-1500-38.zip,1640
29201-1500-380.zip,412-1
29201-1500-381.zip,188-1
29201-1500-382.zip,5800
29201-1500-384.zip,3547
29201-1500-385.zip,793-1
29201-1500-39.zip,1-2
29201-1500-391.zip,1629
29201-1500-40.zip,1092
29201-1500-41.zip,121
29201-1500-42.zip,1-1
29201-1500-44.zip,1200
29201-1500-447.zip,602-1
29201-1500-5.zip,1
29201-1500-61.zip,948
29201-1500-717.zip,902-363
29201-1500-718.zip,840-135
29201-1500-719.zip,840-11
29201-1500-720.zip,902-374W1
29201-1500-721.zip,902-7
29201-1500-722.zip,902-378
29201-1500-729.zip,1666-1
29201-1500-730.zip,1-1
29201-1500-743.zip,5-1
29201-1500-746.zip,346-1
29201-1500-792.zip,1211
29201-1500-8.zip,1575
29201-1500-825.zip,10-1
29201-1500-827.zip,10-1
29201-1500-828.zip,5
29201-1500-842.zip,2-5
29201-1500-9.zip,1598-1
29201-1500-932.zip,1160-1
29201-1500-941.zip,1759-1
29201-1500-942.zip,919
29201-1500-958.zip,1534
29201-1500-965.zip,106
29201-1500-973.zip,2046
29201-1500-974.zip,3896
29201-1500-977.zip,910
29201-1500-978.zip,186
29201-1500-988.zip,6416
29201-1500-989.zip,398
29202-1501-13.zip,280-1
29202-1501-31.zip,167-6
29202-1501-32.zip,57
29202-1501-33.zip,42-1
29202-1501-35.zip,56-1
29202-1501-37.zip,1-1
29202-1501-38.zip,93
29202-1501-39.zip,680-1
29202-1501-40.zip,243-1
29202-1501-41.zip,239-1
29202-1501-43.zip,305-2
29202-1501-44.zip,142
29202-1501-46.zip,78-1
29202-1501-5.zip,11-1
29202-1501-7.zip,425
29202-1501-9.zip,124
29203-1500-122.zip,803-4
29204-1500-132.zip,1-1
29204-1500-133.zip,2497-4
29204-1500-134.zip,1
29204-1500-137.zip,289
29204-1500-139.zip,2618
29204-1500-141.zip,1809
29204-1500-2.zip,4235
29205-1512-11.zip,402
29205-1512-7.zip,1086
29206-1510-13.zip,953
29206-1510-189.zip,1342
29206-1510-26.zip,2098
29206-1510-6.zip,4021
29207-1503-192.zip,148
29207-1503-22.zip,234
29207-1503-24.zip,216-1
29207-1503-252.zip,1232
29207-1503-253.zip,112
29207-1503-37.zip,2066
29207-1503-42.zip,1507
29208-1501-21.zip,1119
29209-1500-142.zip,3077
29209-1500-146.zip,50-1
29209-1500-147.zip,2212
29209-1500-149.zip,2657
29209-1500-150.zip,3103-1
29209-1500-160.zip,11901-2
29209-1500-164.zip,11740
29209-1500-165.zip,11683-2
29209-1500-166.zip,11681-5
29209-1500-185.zip,2908-5
29209-1500-2.zip,3005
29209-1500-37.zip,1759-6
29209-1500-63.zip,368-11
29210-1501-136.zip,19-76
29210-1501-137.zip,19-5
29210-1501-15.zip,26-1
29210-1501-18.zip,229-6
29210-1501-19.zip,6-1
29210-1501-24.zip,1825-2
29210-1501-27.zip,326-1
29210-1501-29.zip,804-1
29210-1501-34.zip,749
29210-1501-36.zip,564-1
29210-1501-37.zip,417-1
29210-1501-39.zip,36-1
29210-1501-40.zip,1-3
29210-1501-47.zip,27
29210-1501-53.zip,521-4
29211-1501-102.zip,47
29211-1501-18.zip,1-4
29211-1501-24.zip,2-2
29211-1501-25.zip,377-1
29211-1501-27.zip,114-1
29211-1501-3.zip,504-1
29211-1501-32.zip,2
29211-1501-33.zip,2-1
29211-1501-34.zip,1-1
29211-1501-40.zip,249
29211-1501-42.zip,74-1
29211-1501-43.zip,1539
29211-1501-53.zip,1608
29211-1501-55.zip,18
29211-1501-57.zip,1-1
29211-1501-58.zip,309-1
29211-1501-60.zip,65-2
29211-1501-65.zip,437-69
29211-1501-69.zip,1754-13
29211-1501-7.zip,93-2
29211-1501-91.zip,1445
29211-1501-95.zip,1814
29212-1510-1.zip,1013-1
29212-1510-126.zip,1
29212-1510-14.zip,1124-5
29212-1510-16.zip,2741-167
29212-1510-17.zip,2284-4
29212-1510-170.zip,1064
29212-1510-187.zip,3252
29212-1510-35.zip,149
29212-1510-41.zip,1057-1
29212-1510-42.zip,3092
29212-1510-67.zip,1-2
29212-1510-69.zip,1220-2
29212-1510-76.zip,9
29322-1500-1.zip,3320
29322-1500-11.zip,1236-1
29322-1500-111.zip,4-8
29322-1500-113.zip,787-1
29322-1500-120.zip,1782
29322-1500-121.zip,10-1
29322-1500-125.zip,299-2
29322-1500-126.zip,2311-1
29322-1500-127.zip,2556-2
29322-1500-13.zip,1053-2
29322-1500-130.zip,2332
29322-1500-132.zip,2249
29322-1500-136.zip,1
29322-1500-16.zip,34-4
29322-1500-17.zip,141
29322-1500-18.zip,4058
29322-1500-20.zip,4001
29322-1500-26.zip,1553-6
29322-1500-33.zip,2902
29322-1500-34.zip,2001
29322-1500-36.zip,1180
29322-1500-37.zip,1001
29322-1500-38.zip,1090
29322-1500-4.zip,415-1
29322-1500-47.zip,5811
29322-1500-49.zip,5778
29322-1500-5.zip,699-1
29322-1500-54.zip,1713
29322-1500-56.zip,1
29322-1500-57.zip,2336
29322-1500-59.zip,2575
29322-1500-6.zip,1-1
29322-1500-60.zip,3104
29322-1500-62.zip,4405
29322-1500-66.zip,1383
29322-1500-71.zip,106-1
29322-1500-74.zip,397
29322-1500-8.zip,166-1
29322-1500-9.zip,1372-3
29342-1500-1.zip,753-2
29342-1500-14.zip,940-1
29342-1500-15.zip,161
29342-1500-16.zip,1192-1
29342-1500-21.zip,282
29342-1500-26.zip,18
29342-1500-32.zip,110
29342-1500-33.zip,7
29342-1500-60.zip,396-1
29342-1500-65.zip,1595-2
29342-1500-66.zip,812
29342-1500-68.zip,311-1
29343-1500-10.zip,13-1
29343-1500-15.zip,5001
29343-1500-16.zip,5824
29343-1500-27.zip,2346
29343-1500-38.zip,233-1
29343-1500-39.zip,42-1
29344-1500-55.zip,619-30
29344-1500-57.zip,619-5
29344-1500-58.zip,349-14
29363-1512-52.zip,28-1
29363-1512-54.zip,653-1
29363-1512-55.zip,1-1
29386-1510-42.zip,5592
29386-1510-5.zip,7399
29401-1512-1.zip,1046
29401-1512-2.zip,84-9
29402-1512-2.zip,17
29402-1512-3.zip,212
29402-1512-39.zip,173-1
29402-1512-4.zip,405
29402-1512-6.zip,29
29424-1501-20.zip,15-8W2
29424-1501-22.zip,15-1
29424-1501-23.zip,2-1
29424-1501-26.zip,22-1
29424-1501-27.zip,1702-3
29424-1501-29.zip,1-1
29424-1501-30.zip,15-8W1
29424-1501-34.zip,26-1W1
29424-1501-38.zip,34-82W1
29424-1501-39.zip,34-82W2
29424-1501-52.zip,1-1
29425-1501-14.zip,4127-1
29425-1501-16.zip,4128-1
29425-1501-17.zip,4313-9
29425-1501-37.zip,153-1
29426-1501-1.zip,357-1
29426-1501-10.zip,394
29426-1501-11.zip,98
29426-1501-16.zip,1111-2
29426-1501-17.zip,1419
29426-1501-20.zip,16-1
29426-1501-22.zip,285-1
29426-1501-25.zip,18-4
29426-1501-26.zip,33-1
29426-1501-29.zip,912-1
29426-1501-38.zip,184-3
29426-1501-6.zip,232-2
29426-1501-7.zip,350-1
29426-1501-8.zip,564-1
29427-1501-10.zip,127-2
29427-1501-11.zip,3-2
29427-1501-12.zip,6-1
29427-1501-13.zip,19
29427-1501-14.zip,222-2
29427-1501-15.zip,1482-1
29427-1501-16.zip,1-1
29427-1501-17.zip,24-1
29427-1501-18.zip,1-1
29427-1501-19.zip,1-1
29427-1501-6.zip,88-3
29427-1501-7.zip,53-1
29427-1501-8.zip,1-324
29427-1501-9.zip,1-1
29441-1503-39.zip,1712-1
29441-1503-40.zip,1448-2
29441-1503-47.zip,412
29441-1503-49.zip,2359
29441-1503-53.zip,317-3
29441-1503-56.zip,1122-3
29441-1503-64.zip,55-1
29441-1503-70.zip,1653-1
29441-1503-79.zip,1733-1
29441-1503-83.zip,1
29441-1503-84.zip,14-1
29441-1503-85.zip,723-3
29441-1503-91.zip,543-1
29441-1503-92.zip,931
29442-1503-1.zip,109
29442-1503-18.zip,1-1
29442-1503-19.zip,472-2
29442-1503-2.zip,1-2
29442-1503-20.zip,1-1
29442-1503-21.zip,759-3
29442-1503-22.zip,1003-1
29442-1503-28.zip,124
29442-1503-29.zip,16-1
29442-1503-5.zip,954-1
29442-1503-6.zip,625-6
29442-1503-8.zip,82-1
29442-1503-9.zip,2-138
29443-1503-21.zip,424
29443-1503-24.zip,557-3
29443-1503-26.zip,1012-1
29443-1503-28.zip,2047
29443-1503-30.zip,2451-1
29443-1503-32.zip,903
29443-1503-39.zip,285
29443-1503-40.zip,2374
29443-1503-47.zip,3103
29443-1503-56.zip,316-2
29444-1503-17.zip,406-2
29447-1503-18.zip,49-1
29447-1503-21.zip,334-186
29447-1503-22.zip,158-1
