code,area
10201,149930482.4953191
10202,127666758.59241976
10203,42114473.96992102
10204,31854137.954212863
10205,52378917.485120036
10206,23119683.51870799
10207,10902570.069909833
10208,150620012.3941269
10209,45518663.418187246
10210,64801670.9742889
10211,90594237.7208411
10212,18714076.844972678
10303,1252.6436907747257
10342,81.85663845218644
10344,1957963.8911417576
10345,2322826.556725493
10366,10031899.67943595
10367,4550834.909668909
10382,79622.90402749061
10383,9662.701841270933
10384,40795806.307029456
10421,99314476.15348268
10424,34933925.438870676
10425,85420759.3942971
10426,9799580.901163429
10428,55381863.675438575
10429,65589885.89804702
10443,2399721.933622108
10444,2138484.1426580125
10448,12347562.474820599
10449,84513553.79054968
10464,14089948.264932984
10521,3588869.398589785
10522,15246513.985731227
10523,608021.1224558139
10524,1177984.5543869382
10525,1702767.5994741442
11101,1498161.7352317537
11102,788793.6549614395
11103,327819.1688886032
11104,2189017.6867227443
11105,275010.7450865208
11106,34583.084858262446
11107,1457550.0789346644
11108,591441.1991511825
11109,4664083.901523544
11110,2366207.423678418
11201,36374879.22002335
11202,70846551.36289312
11203,9045125.014052814
11206,7341918.360893093
11207,11692143.721068388
11208,30326848.24818665
11209,18032869.362687178
11210,76811917.93862332
11211,55507537.7790227
11212,28480009.11083964
11214,19094302.846551824
11215,33675080.124683596
11216,5014150.569098806
11217,11863624.147287812
11218,34306264.87635053
11219,12831621.466821097
11221,2051468.2311995763
11222,5596100.3087823065
11225,30923884.779619828
11227,802227.8045117637
11228,2051167.5251368016
11229,436905.1249739849
11230,674716.1806442158
11231,3172124.2232581563
11232,8302279.691047457
11233,58222.86299471049
11234,909489.6986269268
11235,2250081.4086402794
11237,3422706.132684463
11238,1644875.4261645286
11239,28235807.082395375
11240,481249.53553098085
11241,15370330.605827276
11242,37143934.01157699
11243,2474053.7302381666
11245,6981149.103383103
11246,2944687.966210753
11301,2994557.0749300984
11324,14054551.92383592
11326,30972384.242836244
11327,36727504.60118283
11341,21214036.789430737
11342,27128394.9879049
11343,39416615.79685296
11346,523441.9604668712
11347,1759063.0643077327
11348,24044915.900101826
11349,22067552.929793615
11361,57772.8281779389
11362,103338.25317370889
11365,13096240.45483722
11369,2574314.3231288004
11381,15765797.955462106
11383,18824230.529693678
11385,13536964.842453308
11401,818.5316772352851
11408,1990114.3313563026
11421,24342.058420960973
11424,10650.191282659081
11425,88299.72164168267
11442,373166.15529870195
11445,1294.4625935102445
11461,1642.0805938598717
11464,1854002.4911995397
11465,466761.1025525428
12101,5717390.764022006
12102,1691201.499291643
12103,861881.646408368
12104,2827072.967495373
12105,1714466.3615332667
12202,1581979.4339841513
12203,2391654.960853543
12204,1975360.589188529
12205,1508257.2459766315
12206,12684825.822432568
12207,1340866.2555775838
12208,17629760.196540423
12210,3079894.190229542
12211,68660821.26318084
12212,3884643.8018136234
12213,7362546.4568623565
12215,40683784.226741895
12216,2931628.2149755196
12217,11201032.433433663
12218,1855182.089417528
12219,19316770.21524601
12220,3619133.139601703
12221,4662199.8999310825
12222,1136029.720443087
12223,6861269.398212373
12224,678823.6589760584
12225,12169936.307237752
12226,16627072.158914678
12227,6481791.982744296
12228,1071103.69332878
12229,10120645.94246386
12230,79286.54456390336
12231,15888559.232011778
12232,5203079.071090576
12233,133010.4887644509
12234,93715525.00272933
12235,35565.62942906184
12236,79207708.52996157
12237,12707168.42349541
12238,9038939.979892025
12239,2260440.511613602
12322,718475.4760868635
12329,1915467.083200683
12342,10632095.231457947
12347,49016163.26200472
12349,33048838.900170658
12402,4.70630103861652
12403,21183.3837796872
12409,7836977.842136397
12410,3463173.651991523
12421,17951419.550491344
12422,9439308.285560776
12423,9510080.243108746
12424,19069971.035768006
12426,15221076.384859245
12427,14187006.021142794
12441,10417471.700165339
12463,32140114.685275383
13101,250066.57763490494
13102,764618.5087632796
13103,1428636.4631939947
13104,587964.6002383017
13105,554114.3876241754
13106,20291.254619599666
13107,340449.4587031359
13108,5074790.970006711
13109,5608611.10875624
13110,80472.75502163575
13111,1654426.3158033204
13112,2346581.045884674
13113,2157448.6193621014
13114,180987.74182730442
13115,84370.73145298916
13116,1993834.5422476714
13117,812651.9702639967
13119,3359360.9304652717
13120,673249.9500908466
13121,3820825.078382474
13122,6254063.209290162
13123,8711814.907626966
13201,20886601.60692052
13202,1075545.0200226016
13203,99569.47786982443
13204,29343.871372321177
13205,8400705.274133727
13206,177818.03177101174
13207,1383845.9460075283
13208,54281.57151122381
13209,8259232.743308491
13210,10390.409689532657
13211,366264.9082871076
13212,2660169.786927274
13213,24346.553462010914
13214,245905.58789547265
13215,140062.3252310667
13218,1829922.8771668589
13220,344995.85393115925
13222,241080.00799691497
13223,331820.7079289833
13224,14685812.330086375
13225,1829168.3327267584
13227,3085206.067603369
13228,15533554.036783136
13229,69059.79712801559
13303,8996986.444070086
13305,13775843.383800657
13308,1296345.1637782783
13361,84890339.686268
13362,3961918.843439145
13363,26157496.214575637
13364,18124574.308000904
13381,52851169.164530024
13382,19783941.78702042
13401,58827585.09675989
13402,1900183.924414939
13421,17793298.690019652
14101,12399.252090083095
14102,6771798.851330924
14103,1228872.918730303
14104,3999486.8702456425
14105,843511.0400047106
14106,10396517.965943221
14107,31183.63360045489
14108,3434186.4284192645
14109,838307.9426002661
14110,20786693.973684467
14111,2860335.861745917
14112,26486095.993026387
14113,16818643.35285216
14114,14651564.046726523
14115,14514090.411667256
14116,14779500.514526403
14117,16733101.127943918
14118,823828.6336421733
14131,227922.8644774918
14132,22872.29882063471
14133,562165.9954974322
14135,1865194.8771475286
14136,525852.879542141
14137,10953712.22220422
14151,5085977.6982204
14152,1048280.9489923209
14153,951462.9544209087
14201,6378310.580277218
14203,1616014.6490610677
14204,381476.1493598223
14205,11772050.825843569
14206,1119109.8851596513
14207,1064949.5523805267
14208,82510.03017547468
14210,1181414.9353587658
14211,1223543.1652127088
14212,7152802.64480674
14213,613365.1480337007
14214,6504625.194557463
14215,4928061.0726065235
14216,280524.88422555197
14217,12295937.665701076
14218,252745.08073318217
14321,99605.97870266992
14342,925045.1351442264
14361,3028673.222729334
14362,8462579.887712734
14363,525656.139067059
14364,1006263.1191451822
14366,2091593.1705804623
14384,131744.68477433667
14401,54399.73666370455
14402,31868.39666336343
15101,17723094.301443107
15102,11410162.680397617
15103,8868612.33395297
15104,23089552.147148326
15105,14520160.290047577
15106,83661458.79871243
15107,38954143.91849438
15108,72921148.00555547
15202,156911226.38585275
15204,47984627.92411916
15205,17306986.84240981
15206,146542837.67543462
15208,38009168.04421658
15209,6122333.191350328
15210,61846023.27516531
15211,21660524.85291935
15212,201643490.4316478
15213,58373978.35440237
15216,23632448.12638549
15217,20886300.563400567
15218,14596797.99099253
15222,276956070.37007767
15223,86894344.98743474
15224,601805899.0640749
15225,368709874.2318875
15226,107386620.24169537
15227,116856305.10810858
15307,24239047.30396054
15342,20025070.93822599
15361,7389662.942402559
15385,24247884.34116882
15405,4332804.940764771
15461,12761400.771884833
15482,51089850.42607836
15504,13652781.769524198
15581,50774631.59580262
15584,13.013288565613614
15586,3932544.6923515047
16201,137550659.0581536
16202,49125003.48959305
16204,10106329.794665713
16205,63022038.027075574
16206,34428454.11922499
16207,30007980.18271197
16208,53574762.3792938
16209,28524039.499532934
16210,78405238.62355232
16211,28108510.22239121
16301,448.85173627736066
16321,2929124.8734541717
16322,12412075.31915664
16323,31322755.72939844
16342,25094237.906585794
16343,8419492.476663463
17201,105295724.15064722
17202,17803922.78347737
17203,21465164.49713396
17204,2767281.3446602756
17205,7288039.585124372
17206,44765228.91173181
17207,48326034.11769148
17209,25651596.29129004
17210,74736305.88148668
17211,18929460.850559227
17212,8641525.802340034
17324,8217675.661633936
17344,1488.706056946611
17361,13976567.1652545
17365,10123786.781354224
17384,63573635.318000734
17386,22227247.520031996
17407,19498021.60495082
17461,117590.28265137092
17463,7526240.541454519
18201,69096516.33484057
18202,11884906.582333127
18204,9528537.570936728
18205,31858766.91552877
18206,9484163.524078092
18207,16039363.464375068
18208,35740350.246373974
18209,17091616.95022991
18210,43802949.63171351
18322,4820582.6317948615
18382,1226298.3634305282
18404,9672834.898562271
18423,6962356.533778125
18442,9429326.569547828
18481,3619371.4260249934
18483,15939302.732230809
18501,27789385.60689577
19201,54072445.90913966
19202,6762585.810755276
19204,16898091.898023777
19205,99571799.21623579
19206,14880480.55869924
19207,81072106.06436107
19208,59021089.9135034
19209,326513183.5354308
19210,37217052.55780621
19211,102439461.35577069
19212,9844038.009878619
19213,78992938.94379285
19214,16341446.149462335
19346,33907154.878629915
19365,19882792.354571614
19366,15664068.11177297
19368,27495956.175234504
19384,7183198.657484763
19422,268929.5552654179
19423,10140114.24134852
19424,13477059.421257343
19425,3439640.4932737947
19429,15407183.715192482
19430,9508235.386698296
20201,123856647.44252267
20202,250202220.63638866
20203,80617700.41427435
20204,480406.94285578193
20205,143065319.25537187
20206,832556.1942332516
20207,1195319.6820253383
20208,65142139.14486329
20209,69423861.17031208
20210,10408001.785814747
20211,1429242.4278868597
20212,51350123.49925075
20213,24216439.70470822
20214,23896676.83885974
20215,35186802.475702144
20217,274509823.5090464
20218,33055891.386600982
20219,60272217.804844335
20220,123006054.26894833
20303,78057883.48380725
20304,60655601.48032339
20305,37808954.31596489
20306,56947318.69375006
20307,41517033.404865906
20309,99901263.0703173
20321,83951458.47733536
20323,28086617.005620338
20324,60043541.45335704
20349,3467277.825505735
20350,96260489.10681622
20361,142821.83521488123
20362,61732399.25551636
20363,11825877.483252533
20382,19459986.164037764
20383,29478576.544823147
20384,15724198.057538422
20385,24920286.111364234
20386,42095287.581615865
20388,8026304.499791228
20402,60106621.26999354
20403,24370952.58944334
20404,85142686.08606993
20407,142154703.529844
20409,43996417.28678266
20410,87851156.55783059
20411,32784846.135390855
20412,42583383.92327394
20413,23566628.196401414
20414,57561709.63605785
20415,54560494.7188555
20416,62036611.132772096
20417,17020688.957326084
20422,2078598.1921575854
20423,19002823.342470307
20425,46268806.479087405
20429,41988422.582698956
20430,20737685.800163582
20432,129099770.33912055
20446,3005098.312415491
20448,8460398.913958447
20450,11554967.236835167
20451,902737.2392377573
20452,3669535.313621228
20481,13344616.994433181
20482,16062525.680797048
20485,13061639.641052859
20486,66426.98311190923
20521,6999711.848895016
20541,13412.976215869689
20543,17704058.27117541
20561,20672679.19622258
20562,8547626.239807688
20563,4270875.9337250125
20583,59646990.05913782
20588,49875916.4807563
20590,34802739.40428723
20602,55252991.44279399
21201,22081739.606703106
21202,16834504.981762018
21203,191155258.9969807
21204,10197251.690262472
21205,38632083.9253567
21206,213955181.62158746
21207,1890916.70219179
21208,42848646.74605982
21209,3333642.75989585
21210,207738297.55278817
21211,20711537.91363989
21212,17583189.314064104
21213,3462371.5193491946
21214,3135721.3740465064
21215,555390.6797560058
21216,2992384.1753564924
21217,168753853.49917
21218,57727521.68873334
21219,37223159.83244399
21220,58036023.740945294
21221,42921855.10739004
21302,15053.779084665894
21303,189655.19910565563
21341,6582555.118962818
21361,9074757.6957407
21362,125580.54577019851
21381,3392937.4404294747
21382,5664721.99075064
21401,44191448.65620663
21403,1749550.3596028155
21404,9975021.26242799
21421,2537973.2638894045
21501,342203.6246375217
21502,1413223.2050463005
21503,4316523.227958959
21504,1188701.5305029307
21505,19987811.73306275
21506,52075537.46046163
21507,38816433.3838734
21521,5752345.253323832
21523,530.5996350783917
21604,14333779.477943031
22101,17741181.469867975
22102,3952519.1434621033
22103,12289610.499989508
22131,10113819.55202134
22132,33277678.11714263
22133,60685810.960286275
22134,36855603.38318619
22135,76590695.19999036
22136,42217886.01303867
22137,40282268.92144717
22203,9448326.190364357
22205,1557148.2928230558
22206,22946318.59991068
22207,79165756.8814135
22208,16206645.096328579
22209,115850365.10923068
22210,12562835.551978353
22211,110812403.60543245
22212,25308781.645256296
22213,109260868.94057989
22214,10319308.343433252
22215,48842378.883014984
22216,60426426.50060088
22219,716337.7530995411
22220,4637388.07391924
22221,20022657.155372575
22222,21737649.6099986
22223,61412399.161357716
22224,89001480.69845438
22225,19155791.916863732
22226,103885297.98849607
22301,393253.8085405544
22302,324447.5534333032
22304,170653.88099056343
22305,1349027.215957531
22306,1899339.5497776237
22325,23685712.684076764
22341,2572769.675158252
22342,10349946.308427833
22344,70952159.26957348
22361,25.22145597566831
22424,14611418.828067066
22429,15561121.00060859
22461,53460930.188714996
23101,303315.7321232905
23102,561989.1180241738
23103,856374.5361352925
23104,3065818.8954385403
23105,2201585.1372438883
23106,4235458.897090937
23110,1617115.2868259791
23111,3174007.2463161745
23112,230545.58432796595
23113,3463974.5169225982
23114,11434347.257966388
23115,298181.4755758065
23116,1290880.7669205593
23201,13474498.430764847
23202,19441407.612953268
23203,4791971.916996676
23204,5941685.963208567
23205,2266457.310614356
23206,17400718.34970293
23207,1652067.2984135384
23208,686777.5581411811
23209,1157203.411509758
23210,6667799.141785586
23211,34650517.83953914
23212,7895236.091196286
23213,30657057.947766595
23214,1394292.7504622536
23215,498208.8462116819
23216,1691009.3770823346
23217,7077343.359590093
23219,5449030.574842167
23220,2888102.1378980754
23221,545535.1420529083
23222,1073352.7404673328
23223,1840718.3700408698
23224,2345307.4809149876
23225,2587001.9509614035
23226,3279175.2310387683
23227,21372.135227314167
23228,2441316.0049866764
23229,4280712.601711608
23230,2242943.2032783823
23231,7560201.28818907
23233,2102991.3058098494
23234,396744.76335860475
23235,1405979.0811342848
23236,16217836.726681646
23237,691842.0645188005
23238,2948680.090849076
23302,2467537.4891034123
23342,199899.40455495295
23361,12729901.159414526
23362,4345627.010126482
23424,572141.3538263926
23425,436774.1738792823
23427,492697.8420286849
23441,462541.88658030273
23442,389255.58390243043
23446,859683.8150013506
23447,444856.49432164524
23482,25.173028941110193
23501,3023016.4954990833
23521,1008.089708400399
23561,55052550.883252636
23562,121700.00468262524
23563,949637.1112807079
24201,43203957.36168135
24202,20196969.560000356
24203,11735967.638397457
24204,36062177.96495155
24205,7830025.861590525
24207,11287399.586120468
24208,8861419.103538102
24209,202307.9059831114
24210,2595370.659278295
24211,36314118.098848745
24212,1630255.7153792374
24214,20950940.03526372
24215,57567529.05112511
24216,86439243.16505244
24303,2758078.2829530346
24324,7333094.455884861
24341,711361.8871047366
24343,1183862.3038976002
24344,1395158.7171728986
24441,10679637.138076948
24442,3208261.59769735
24443,6890375.087014985
24461,17401.260256346002
24470,3907833.8918765876
24471,4250560.620722259
24472,1310500.6676654643
24543,2387770.2020810302
24561,15214874.09290866
24562,3233518.878540089
25201,21694503.693264794
25202,10239546.880288698
25203,97988221.44493982
25204,33217610.021007665
25206,5126182.635234927
25207,11637373.818409044
25208,5896636.894868334
25209,31554142.78133425
25210,14278200.665845428
25211,9005622.648842288
25212,47226346.87889943
25213,75315361.79488948
25214,25236046.722165417
25383,21435954.278001647
25384,16532088.464357626
25421,208.66496164434912
25425,14177398.577111287
25441,3623364.545125449
25442,8149704.763481934
25443,5271241.303126939
26101,372638.4595502499
26102,527445.4703834617
26103,1881907.1981626481
26104,501510.98008195416
26105,244665.67062501007
26106,896286.9382734561
26107,1678765.8910479909
26108,3755914.350748019
26109,4815357.031928221
26110,1065188.4149242828
26111,5332076.793716761
26201,68013865.46413033
26202,4138784.8575204476
26203,16386162.87429627
26204,1911309.5063517687
26205,12619477.47280773
26206,15930899.142437467
26207,3292525.7871272867
26208,248853.20257083743
26209,242397.56024688986
26210,5069256.636038944
26211,33579873.074212216
26212,35104447.044945456
26213,20111788.543640476
26214,25602918.378638707
26322,3052982.745802065
26343,231849.2402927079
26344,360462.91326395934
26365,21463523.878757425
26366,439706.72799410444
26367,528750.3684428119
26407,11250065.507420031
26463,407478.45944593597
26465,15608295.137463547
27102,2460.754593490198
27103,10123.952507359827
27104,3739738.7417350365
27107,6188931.4080169005
27108,3908721.799118541
27109,340709.95623781113
27111,1165366.4808084022
27113,39899.725553136974
27117,14829.310635241265
27118,6043.083560037104
27122,882924.9524781626
27123,2427583.668418914
27124,804404.1462431246
27125,10713419.240864294
27126,2109150.444017302
27127,318311.2673056769
27128,832760.6716362755
27141,4685878.448936714
27142,425744.31417875725
27143,30145.123227557044
27144,847441.8318674143
27145,1481135.3627317646
27146,779514.9158111309
27147,143239.2870328321
27202,4280748.954318635
27203,5971350.235478198
27204,155608.83620351017
27205,884342.3334448077
27206,644401.1364113824
27207,15648785.503163205
27208,1556053.0322595374
27209,2872104.7541204025
27210,7462782.002813833
27211,8263201.138825117
27212,514998.67154814344
27213,6111725.355359448
27214,3759250.511416902
27215,814088.0391738559
27216,7316160.865748677
27217,447232.6203845497
27218,408215.2452527665
27219,6706487.94081708
27220,6974100.922914315
27223,1454848.551278931
27224,2218971.1743447315
27225,403505.795635945
27226,379792.9071525493
27227,3969540.1866839635
27228,3898930.445523409
27229,3704791.1906306543
27230,300159.6263273893
27231,24886.044590306272
27232,2657442.9493073374
27301,14091.924885303764
27321,1147432.2480751402
27322,7893841.375034076
27361,669481.996637834
27362,2125427.962771447
27366,80515.77267558644
27381,24816.24478191589
27382,976845.9830845445
27383,114838.3918208947
28101,9500239.271020563
28102,4878226.301071132
28105,5478211.980154183
28106,638190.0209557248
28107,3022501.1049808557
28108,3289923.92289941
28109,33644437.81839906
28110,17857733.68231111
28111,59302671.24655834
28201,88612916.91829215
28202,8318661.27912486
28203,26962758.043409053
28204,11758690.761544362
28205,10746205.308484312
28206,2931416.8251758297
28207,3617000.156421741
28208,7530684.668468505
28209,79568953.66349101
28210,53692937.849101394
28212,10603714.465502389
28213,15176088.730081186
28214,7380139.715408507
28215,57018488.463254444
28216,20669645.208726414
28217,8043388.082455255
28218,46752732.38310908
28219,28973258.849640872
28220,45124715.939738564
28221,20041415.622621235
28222,98538689.42449245
28223,145215063.91750202
28224,86983192.21970856
28225,193191800.38047004
28226,32778221.49916952
28227,343987051.05707324
28228,42137766.454233274
28229,31976780.592133805
28301,7414620.704898743
28365,72415280.48318967
28381,23720842.63285057
28382,3483685.339119696
28442,20078988.461401258
28443,20270875.94150758
28446,83028264.22676083
28464,1895594.7351010733
28481,14672161.240447523
28501,62361234.22538871
28585,40825414.309002444
28586,18459258.102934234
29201,58778589.31215558
29202,8768839.79380956
29203,983782.4802946502
29204,7246149.482276091
29205,1158921.85938923
29206,4479996.071713147
29207,20789635.122288078
29208,1535450.3826781306
29209,7068606.793349924
29210,8259674.543637267
29211,23381557.547394946
29212,53672523.179438606
29322,53454315.13351207
29342,14279672.207349971
29343,2374699.004010859
29344,1537859.5575087194
29345,90458.67971936152
29361,34583.877849861485
29363,966711.3473359884
29385,937928.2155285255
29386,1729095.8179865119
29401,136835.1234714066
29402,5456811.332193626
29424,1152054.4943157437
29425,1968541.3291265739
29426,11814715.203344228
29427,3179944.3168694945
29441,33515732.8089352
29442,32587107.091196705
29443,20959032.610189904
29444,3619559.1508707423
29446,3844748.6810607533
29447,2770905.738265048
29449,38935.25196822587
29450,2340394.28969235
29451,927838.0073623048
29452,117215.50965836576
29453,1072526.1220034384
30201,45640809.987133004
30202,83009939.92835377
30203,47862250.8013633
30204,27324761.41509905
30205,24620064.776311554
30206,313954225.26072675
30207,12205444.046763103
30208,165710537.09615842
30209,33993400.813094005
30304,98348607.1845133
30341,123271078.29078256
30343,38139892.59547366
30344,23070284.307689857
30361,17775760.122314084
30362,63125034.33350059
30366,257702679.49664763
30381,9718235.480591666
30382,44161230.16451905
30383,29848659.975775555
30390,55729502.90746202
30391,53341373.63863302
30392,263259365.59258834
30401,69090954.47958046
30404,27961558.68285116
30406,18819543.417913005
30421,8064473.8456227025
30422,5244148.060931032
30424,7265250.1383729065
30427,2490137.5264441054
30428,27012663.59697711
31201,156843547.30524954
31202,44749754.64275991
31203,39530497.62712268
31204,6337418.168289615
31302,25785395.82753756
31325,3620798.9224252813
31328,74533074.59245247
31329,100335895.89643078
31364,42768746.294962734
31368,805456.529041285
31370,57331355.387210935
31371,50999927.12753565
31372,47235617.20530422
31381,0.10584726100108448
31384,3413524.2726567597
31386,87015175.97028989
31389,24116574.352403726
31390,21895936.82025265
31401,96367908.45253123
31402,21076032.509671006
31403,13596506.302680587
32201,266433192.21514332
32202,217947128.39440882
32203,290084906.3776787
32204,44945938.33077065
32205,95188311.29154709
32206,84672005.4231602
32207,111548901.83620195
32209,467019983.40188056
32304,76951.66620930069
32343,125110824.94578144
32385,2320.862839098854
32386,194693579.08829775
32441,83206351.16195261
32448,224096612.59511107
32449,271244777.1145609
32501,55660356.61207307
32505,18383888.363212906
32525,24845164.92797078
32526,24850244.30824836
32527,12081165.631120034
32528,128723982.12698579
33101,138694747.08903402
33102,19466137.324707814
33103,117593836.91123159
33104,78456023.56019373
33201,1921214.3863980116
33202,198077301.06408438
33203,447533937.1931158
33204,35443308.24683329
33205,117976550.12331794
33207,227676498.52084607
33208,193595564.04014698
33209,481859577.89198124
33210,247970656.35560054
33211,226915948.3086728
33212,111089258.82451749
33213,191499736.92720705
33214,693327472.9247111
33215,397619967.51750946
33216,58906496.65816896
33303,313.2418034412993
33321,13456.715641311948
33323,642.8787791554009
33346,123074860.52826187
33423,7043164.228239715
33445,9679755.913693652
33461,84006968.51060951
33586,62264066.14299927
33606,363765593.2754653
33622,47121270.7166459
33623,44860573.58820382
33643,56606255.35637435
33645,40.39439724591767
33646,958.5521508944182
33663,73480875.74471667
33666,211468980.96267816
33681,237922839.45693654
34101,2104363.084294955
34102,2187697.945260774
34103,4187286.4545910736
34104,4387011.747750355
34105,11356465.374857558
34106,10092037.147589922
34107,4830110.882064268
34108,96236770.87350437
34202,101342820.82828432
34203,11394105.979344223
34204,238019684.9476053
34205,42387925.90689603
34207,243385031.25670877
34208,76735878.82228568
34209,387113753.3130549
34210,181284032.51993486
34211,43090292.632863574
34212,518052103.46003824
34213,149837389.4318984
34214,299750649.1298316
34215,67130643.78362618
34302,679055.6672135262
34304,139331.8940843948
34307,27145549.318737015
34309,1519413.7875000609
34368,296189815.3426186
34369,470393481.43035847
34431,14959528.334781999
34462,234736024.80364364
34545,222461813.39294013
35201,464356564.1665535
35202,77670042.20556849
35203,243971767.56532338
35204,593647263.8341416
35206,130651052.16320807
35207,16899842.03803588
35208,723386610.6223913
35210,84907996.87709512
35211,227249997.56620193
35212,116095388.64179735
35213,206935517.05510387
35215,113520466.62449771
35216,112079564.27362674
35305,125965361.6794358
35321,7784925.073124673
35341,31387017.503975317
35343,45999804.910577215
35344,31476817.175747156
35462,32.10955009803859
35502,106392862.68593578
36201,41096507.37391589
36202,30719704.768125266
36203,25662935.025106978
36204,18156346.05303563
36205,124626718.63293743
36206,133419020.83366022
36207,139612378.2612343
36208,292010503.7807434
36301,10547900.766762143
36302,68156873.29879984
36321,4867998.0858006785
36341,15040635.293866804
36342,13994645.30293893
36368,151079481.67413923
36383,1465574.3242918206
36387,4661138.676663327
36388,9744014.09836021
36401,9354662.87696789
36402,6573686.946324522
36403,1300745.8180167025
36404,12840116.306849433
36405,9186335.420742886
36422,1350.971746277085
36466,1.037409743764232
36468,112674866.70374359
36489,57656237.26146834
37201,282124782.43102205
37202,50940374.03638339
37203,10848981.674069427
37204,34445920.186945185
37205,35517573.234209694
37206,135381412.9885535
37207,121674658.1157984
37208,150727471.3075138
37322,21330215.942294423
37324,27790560.11171089
37341,20477157.013625506
37364,11910901.33949902
37381,147.17606314413794
37386,4006010.4407626595
37387,61803262.19355325
37403,1336224.891273462
37404,6402848.779694369
37406,156513215.92119095
38201,47466011.53770437
38202,145451570.5351964
38203,146075246.89062318
38204,102241306.2177352
38205,1785237.0825202079
38206,115595615.97439393
38207,142032439.16933712
38209,648.7589901896464
38210,69362241.80430919
38213,120310641.14212628
38214,457826996.2670983
38215,12246316.64977891
38356,25307153.87736454
38386,346253967.5327256
38401,15969624.258984677
38402,94027427.37786534
38422,203623612.6063724
38442,66840532.65103575
38484,77791605.15961854
38488,215908867.02123985
38506,167974852.44417977
39201,128505434.27232654
39202,2858629.373068851
39203,812987.0417798338
39204,24416274.86955973
39205,10132126.428474728
39206,7272947.4796435
39208,22256663.575913835
39209,20678454.88674729
39210,183639993.52192834
39211,18719143.953699455
39212,103849277.73574816
39301,3778332.9666970638
39303,5235157.573521521
39304,15827701.79060977
39305,47492565.443458185
39306,38733416.52544745
39307,2158718.9153794865
39341,47207128.83831047
39344,224979346.8255681
39363,147933868.2508817
39364,73841728.08479479
39386,233646578.1596139
39387,226199201.17854065
39401,95638057.51728997
39402,72098816.34256946
39403,31185452.959761932
39405,200981636.2368939
39410,37272365.94902489
39411,92176827.5008845
39412,337237393.44738466
39424,45834686.89969352
39427,50833382.938695446
39428,34805324.38390569
40101,1608324.2870888815
40103,35476405.65270484
40105,25717.536640244132
40106,4067869.6257920633
40107,17260627.650453564
40108,2957307.379428014
40109,10109266.529600352
40131,12551491.188944181
40132,783289.3675042067
40133,1649246.9116259913
40134,473298.7813500148
40135,8123687.747600435
40136,1315032.8990422236
40137,56277011.895023674
40202,11878946.395543644
40203,178323000.00700676
40204,4646238.037865002
40205,193574887.56178623
40206,27045687.147836227
40207,67342591.52085182
40210,451403825.18112105
40211,31190001.09020294
40212,12546246.520958008
40213,56612059.85365708
40214,95260429.72576945
40215,15207725.208642753
40216,28767631.0575402
40217,76090044.00661725
40218,8501768.96461263
40219,26484610.487103727
40220,109819613.39884308
40221,26979052.069757838
40223,5498332.245567973
40224,46144385.7354733
40225,109178616.65063183
40226,26065042.610611092
40227,120824749.12798084
40228,155227535.66664317
40229,93362959.13124521
40230,194522937.26372227
40231,56699025.392686196
40341,21366576.810103234
40342,29851099.149456687
40343,7739209.624094182
40344,14135685.992593728
40345,1303883.0377004596
40348,32397796.40784589
40349,11910007.924467042
40381,6846321.911961478
40382,9268226.701830419
40383,39834481.83493866
40384,21021552.38978921
40401,2264008.3034818172
40402,242116.11626072644
40421,18876485.763458706
40447,35230436.20985447
40448,36485259.31924035
40463,319.46869144301974
40483,1963.8004481117869
40503,20435447.53334804
40522,18367203.883238386
40541,2273571.224204091
40543,9193.26767870607
40544,36020666.53244385
40546,4789.154184689326
40601,21624108.049782347
40602,5586667.7294791965
40604,5134472.322779183
40605,33769645.93941779
40608,3271057.398857661
40609,18140616.853282366
40610,27682453.765320137
40621,29887367.588336237
40625,137977124.87331805
40642,4475591.120478848
40646,55884379.71843536
40647,102780168.15479231
41201,347872252.60164016
41202,353846962.86374867
41203,54736630.351013616
41204,89045980.39804566
41205,183293568.54426658
41206,172417580.15994883
41207,13682409.629402572
41208,80842128.70599355
41209,1136414.3079023743
41210,102128421.96901369
41302,431.0432985279721
41303,2068.136197603946
41304,62.40835850312137
41324,31.411931905696022
41327,28538508.935974576
41341,20067062.299825933
41345,10722205.96881856
41346,36287295.73578654
41387,32859533.60637988
41401,4050211.37111965
41423,10271345.981841503
41424,22344035.921351463
41425,90879461.62217024
41441,47999943.007396385
42201,164431726.7949499
42202,155886331.5718847
42203,21211320.84557337
42204,280948700.253307
42205,48928862.67719162
42207,88920651.94246614
42208,79573246.96894269
42209,330551137.9624491
42210,126699535.028972
42211,194226132.4811317
42212,208201854.03472778
42213,150443902.02255067
42214,137364099.99886623
42307,27082048.768322278
42308,19065398.18412188
42321,57947930.52551966
42322,34424091.93301045
42323,49726736.83931126
42342,27.862807759536935
42382,1671.9636685385876
42383,22904963.462691665
42389,893.2181966809567
42391,30442116.783790465
42411,203322374.07545358
42421,166.218151666468
43101,4578549.670874253
43102,32283377.825657047
43103,1285974.3068383315
43104,55938479.502225116
43105,48099333.872093834
43201,4846.9941169329595
43202,236253894.37700984
43203,142638430.21064886
43204,51777668.202741064
43205,137829477.69621134
43206,132801293.13183513
43208,259256425.0194592
43210,158366301.59097627
43211,59021187.68193578
43212,117150946.41543736
43213,167139899.82110193
43214,222370533.38772833
43215,633591340.3933673
43216,48410056.73519916
43348,112496755.25941883
43364,21471911.92207578
43365,464.95342110734373
43367,64805309.82650228
43368,14928605.950846469
43369,90515159.65621625
43403,82636883.57134445
43404,33652958.366068095
43422,653.3310954806091
43423,72897208.07597084
43424,72710067.11177456
43425,57017832.20983353
43428,127914705.34488484
43432,50495958.02365886
43433,122378950.69960092
43441,5496156.607020539
43442,5540893.7241889825
43443,11205547.997393865
43444,50164480.65027305
43447,191025794.8239713
43463,8.174295843124256
43468,27869805.21804245
43482,191804721.1898873
43484,32492477.303494178
43501,62144363.8852584
43505,99841041.55750719
43506,25049295.98245951
43507,163874126.99235654
43510,74110222.28369564
43511,108563883.75177945
43512,107341172.48558237
43513,182376575.27220473
43514,122686410.85516667
43531,63534655.35188398
44201,109159582.86471854
44202,12731421.030580644
44203,253823235.7764921
44204,612958397.0790844
44205,637225026.8748451
44206,27661589.399252865
44207,4435133.642807346
44208,216887515.78015262
44209,189253962.36527056
44210,165816026.5376236
44211,67956074.2820445
44212,239915102.5492017
44213,267593009.65629274
44214,285003716.4334464
44322,5515698.686384692
44341,45884408.91053706
44461,121685107.42801489
44462,85592782.52873139
44522,16.495071433585203
45201,189336450.0532966
45202,337583051.18752605
45203,309141056.92079556
45204,109621427.91849698
45205,163125080.3872011
45206,21489545.44263037
45207,51446762.36399374
45208,45891715.73290867
45209,84889659.8362687
45321,22175.17474374704
45322,119882.45302209126
45341,76964720.00540939
45345,552.0671999724284
45361,59666766.794101074
45362,7447.353075134426
45382,49596476.982335195
45383,31550774.92718318
45401,32855734.073544476
45402,49837852.03106386
45403,184086523.01498026
45404,56055612.16406725
45405,70345846.56031059
45406,47450388.59621964
45421,112999371.6294179
45429,180284535.1553118
45430,224321361.63379592
45431,376202098.0110397
45441,187900758.12442833
45442,195452986.64528754
45443,102391117.87573111
46201,238386366.45632127
46203,252075460.00104123
46204,69143933.25851153
46206,110554044.0381672
46208,225083223.07639024
46209,7671.251077020742
46210,112485496.64754052
46211,1527.4049779696752
46213,95579088.09471263
46214,26475115.94866897
46215,589841045.4347064
46216,220484593.3404694
46217,336632525.79539484
46218,494110852.8476602
46219,88250670.0426063
46220,254201312.02647716
46221,226776242.3857247
46222,82333897.81619658
46223,318534035.33909714
46224,243934392.99715278
46225,210491330.0849401
46303,1606333.838609456
46304,10507614.83426526
46344,1632.0689047663368
46383,668.8560196210783
46392,228325447.50959173
46404,107208039.39718567
46421,12066.29322615092
46441,45718.231088769346
46442,810604.9823691513
46443,14407.907154449336
46452,103472914.47229075
46467,524.1699916271585
46468,95572037.67376812
46482,22816084.165044304
46485,28.656006183606777
46490,92600795.00877249
46491,38122228.75380801
46492,95589993.17724736
46501,100908735.06933391
46502,70253425.26559058
46505,142897463.61988258
46523,22566069.932473417
46524,11751827.96260826
46525,36981743.071207926
46527,46238189.646371566
46529,21374203.955206122
46530,24955265.283376712
46531,22334603.69780817
46532,19517590.353711884
46533,36012264.75231659
46534,47312177.1243298
46535,19025730.31634468
47201,33981999.46592645
47202,219.99996409633087
47205,18252787.70202499
47207,215118342.35753015
47208,18228916.475262403
47209,184705983.2130282
47210,44291695.24046744
47211,45714983.75522095
47212,17514228.132991213
47213,74883336.10106875
47214,159341885.01149586
47215,46733874.67511572
47301,131603886.48796749
47302,61601972.41517118
47303,40789059.20286054
47306,37310102.4765119
47308,51412121.86135594
47311,49195515.32612786
47313,30393559.589474957
47314,36470153.95675507
47315,20935566.81256309
47324,33453609.71370131
47325,14250675.317822305
47326,13036916.409337394
47327,10400987.5520216
47328,14440361.19324025
47329,14338095.585361322
47348,4747361.282833682
47350,9991129.01597148
47353,18094369.671600036
47354,13921589.28224497
47355,6932274.462265573
47356,3467248.793329929
47357,30507213.3911723
47358,12010735.358670942
47359,20809027.798809823
47360,14662818.01080246
47361,58722880.95665077
47362,25627998.932117663
47375,21164590.69319607
47381,73469369.47333623
47382,27621178.604800213
01101,28461989.516348984
01102,55161182.35344509
01103,39328798.82539748
01104,20406841.458240416
01105,36264651.72076159
01106,109353772.4811213
01107,17247004.11541963
01108,17182843.390367407
01109,20837759.952959288
01110,54740315.9828704
01202,174199360.59805262
01203,150128543.20686695
01204,307264323.9764103
01205,60524408.18458655
01206,293114804.0201855
01207,340786107.92879814
01208,647223077.1814711
01209,65807333.85330136
01210,377495910.44077384
01211,293484077.7038009
01212,75666615.65390581
01213,281005918.5706072
01214,439418532.92946744
01215,196229395.68164062
01216,123344506.90660706
01217,125176052.75062974
01218,47452210.77309436
01219,358139061.85662013
01220,420059177.99520296
01221,344565979.9300877
01222,82166478.80419546
01223,281747152.32650685
01224,215257210.39925778
01225,94068726.6689983
01226,38552356.394972004
01227,11382323.671296516
01228,355888569.12735265
01229,64029389.72121441
01230,81869526.31820293
01231,108050926.28906623
01233,224969414.6381937
01234,107121284.66195717
01235,250280738.9967045
01236,179704219.6985083
01303,200349189.47223955
01304,60971805.12407453
01331,99520550.2057826
01332,62886946.21766897
01333,78138232.53972769
01334,96875218.65775469
01337,126412456.08623303
01343,63055221.31373465
01345,18234045.82670858
01346,383345484.8465956
01347,122796475.69720058
01361,70303250.8554056
01362,322641443.68168306
01363,134987698.29760802
01364,67065173.369404055
01367,233583.7750023166
01370,135132670.39543697
01371,196968747.75041386
01391,91142669.7314563
01392,44503855.03075659
01393,215151657.64478737
01394,257846498.817036
01395,120640787.69511369
01396,89103715.54079013
01397,95479695.8077213
01398,128798837.34751704
01399,133022260.78982003
01400,150132046.60577726
01401,148003178.98617974
01402,21061730.19874063
01403,9863642.910667313
01404,5582687.435839676
01405,71405935.41473779
01406,21063833.727077454
01407,68863032.99042362
01408,70636334.96894081
01409,78142475.4456694
01423,70676313.14865515
01424,71206654.05104293
01425,21572786.332618542
01427,84108856.73425141
01428,142798574.86054376
01429,115736615.64178438
01430,73251197.96937169
01431,62366529.14412645
01432,182918926.25042778
01433,41907199.270392336
01434,42922970.97527948
01436,72266020.88733701
01437,79950059.53945218
01438,183119284.26274773
01439,123086848.41730128
01452,115106865.23468098
01453,62814491.860782534
01454,108372864.48357332
01455,63773366.12459029
01456,92084810.24225426
01457,97730513.04814506
01458,172449300.04308155
01459,312960694.0804009
01460,154524744.5537021
01461,100196931.6201494
01462,68375407.46397582
01463,75949182.67464535
01464,134877282.8561508
01465,121649740.88360925
01468,150297114.56147262
01469,651779576.3328701
01470,199594032.8561687
01471,105719581.48318578
01481,104823236.81248975
01482,234814722.9284204
01483,122961133.17992844
01484,103319284.8394534
01485,141035218.41068786
01486,180564356.25178134
01487,207834157.60965535
01488,218357049.8097833
01511,114963411.59389399
01512,181547785.07561725
01513,138325536.38130313
01514,541697986.4132882
01515,8809.235228875914
01516,317125843.4820049
01519,879687.7052267755
01543,273834721.7670801
01544,172957624.69543478
01545,190108695.42192173
01546,117965586.19902878
01547,162008941.77328834
01549,120813059.63649553
01550,133486856.01629181
01552,182719487.49496838
01555,291939644.65591127
01559,347543974.2374096
01560,161454795.69857258
01561,241134866.59077778
01562,73668776.93311419
01563,286854466.56330526
01564,279666401.4625436
01571,183754359.46567318
01575,95319099.4929046
01578,154124594.47293115
01581,261850052.7925033
01584,121912014.78770807
01585,211836255.51030105
01586,459807819.32127726
01601,354239892.48903316
01602,287078735.3258578
01604,136816316.5466491
01607,343270450.13259333
01608,354363169.9919342
01609,269820501.91460377
01610,425627716.739639
01631,378648779.73172027
01632,236071239.8669969
01633,146977314.87694746
01634,171024519.48054808
01635,182834953.5303766
01636,241999909.39762983
01637,343776571.16516334
01638,101357289.82307911
01639,160064362.97732496
01641,297455643.28875476
01642,159054156.76632395
01643,401874961.55478984
01644,356299928.43114066
01645,266268552.10311252
01646,260389854.41709107
01647,364232490.49833596
01648,189325005.91262498
01649,452580016.90630525
01661,158804292.36748177
01662,298239489.24755305
01663,326903820.6951331
01664,603474267.1549535
01665,204388502.02649024
01667,335686015.048394
01668,173927158.49499902
01691,1068446439.8624451
01692,397901703.7428309
01693,175080396.18601745
01694,24390959.284657497
02201,267382787.8670373
02202,310647856.5233237
02203,230579657.51144058
02204,118130782.17552863
02205,195389282.3299344
02206,372547428.2863422
02207,85396288.91507538
02208,216256581.63344893
02209,229356154.0085899
02210,130295728.41389994
02301,145550738.13794506
02303,29027823.43460626
02304,25151117.751006998
02307,40844241.33757616
02321,136676038.85567823
02323,107163862.5599334
02343,32336020.603682216
02361,33560878.74782774
02362,82348448.23246218
02367,18786729.824046496
02381,35584157.78539938
02384,38399688.92987144
02387,65581562.181427896
02401,57723224.70482939
02402,165068193.06834334
02405,78228595.87292334
02406,71961263.3039317
02408,186728214.59747568
02411,133732418.78302737
02412,59650267.669243515
02423,16956748.116243422
02424,190651701.467769
02425,15736215.40629832
02426,16069789.430810692
02441,129885372.66276057
02442,168687221.3262988
02443,139391424.86310774
02445,142589649.28766602
02446,89648276.48420721
02450,115857062.14333563
03201,418254364.78035915
03202,371076540.72818446
03203,283658421.2980578
03205,560721473.8139997
03206,122393670.66106571
03207,449087973.87056166
03208,454445906.81586474
03209,1080702463.9114132
03210,206097609.8242633
03211,210005536.47052312
03213,346306856.3356903
03214,354155367.0121172
03215,426929677.68061864
03216,116166104.02904911
03301,224682644.9137905
03302,412158768.3129406
03303,297063620.9811026
03321,171286468.6205222
03322,45396975.28867236
03366,175759439.25166637
03381,93349158.9940827
03402,52348676.78455593
03441,259807515.0052925
03461,47360661.495448485
03482,56939402.87981253
03483,602035442.3991609
03484,131968775.92481095
03485,48008781.46489429
03501,231896583.70323887
03503,57795229.75573237
03506,129597789.60392955
03507,283432028.67814314
03524,255348770.7698807
04101,74553115.40325782
04102,12884847.241230527
04103,26414562.374016058
04104,37690772.185310245
04105,45871370.70060291
04202,391944834.6235057
04203,16164041.030398943
04205,254493472.5975002
04206,211610601.63845575
04207,83473012.03676306
04208,119085457.06209809
04209,14083911.748509813
04211,48197016.54241346
04212,455521725.55069125
04213,570472150.8719447
04214,80718943.6063962
04215,520070282.8734512
04216,42613879.227795064
04301,91518623.491759
04302,67088730.40613421
04321,21023134.22307145
04322,69975311.2556571
04323,47182357.109549284
04324,128503106.84368056
04341,232960531.60283557
04361,63391353.78299003
04362,59539529.95653993
04401,46096712.3988551
04404,11021519.814584723
04406,42473397.22753481
04421,152736922.2997174
04422,76538625.05466579
04423,2642.1172952834145
04424,43728288.361221835
04444,72402655.0560067
04445,283035921.20956683
04501,71602297.399202
04505,62523543.11251624
04548,61.91754584002873
04581,57075732.64741666
04606,138839811.2983709
05201,177477364.58772528
05202,99017760.48363501
05203,225216192.362637
05204,222804585.30136663
05206,156570533.85299864
05207,89500139.25782818
05209,194531522.04936808
05210,829696109.2746116
05211,54488922.0685794
05212,471296289.45110154
05213,472691276.6500889
05214,193320651.50979242
05215,170289829.24117455
05303,37947213.888595834
05327,67230970.1177152
05346,13186846.731491597
05348,159509403.73679543
05349,35920150.583723485
05361,114406776.95011884
05363,6377330.641356351
05366,31400309.226195794
05434,112726880.75121701
05463,40202463.171312355
05464,96126873.66252734
06201,47062903.46268853
06202,9914726.024167204
06203,416072539.5806101
06204,238703840.8047725
06205,121787893.5404848
06206,57433633.63041352
06207,9745743.088463336
06208,78847971.93953656
06209,47781455.677866235
06210,12996907.244679824
06211,52682414.151559204
06212,75954240.38935004
06213,10395092.72491421
06301,54206748.48628078
06302,24940741.48042484
06321,38446060.42042181
06322,104903605.8005879
06323,82103814.65724637
06324,72967104.94770974
06341,37326946.73066117
06361,82997528.97412719
06362,94181597.47771709
06363,60564047.43685331
06364,100359821.58667672
06365,51809856.88855955
06366,64258596.09148185
06367,62790498.733508885
06381,39786239.25333892
06382,20904132.801643103
06401,27295946.309239022
06402,40260164.90367019
06403,30146816.662603382
06426,26984136.46979874
06428,104414061.97835448
06461,100278269.83449207
07201,193245042.58809653
07202,108239104.67381273
07203,266955972.7433184
07204,596970212.5722046
07205,213290109.4048763
07207,206453428.4735152
07208,101215724.28773253
07209,150863386.6862154
07210,299645280.4515121
07211,336474736.1513366
07212,288428332.2396157
07213,132061233.28395855
07214,81887670.87292865
07301,32243428.372524697
07303,31928747.008993246
07308,113841506.7376468
07309,446.6713347630547
07321,81.10163837124227
07322,47607517.59163956
07342,28363926.495685298
07344,36820600.363186784
07362,25208795.94006796
07364,19906043.931228884
07367,21672987.63367159
07368,69550955.69390193
07402,6615068.895778723
07405,3504180.5687187435
07407,18456106.454753235
07408,58499808.82347742
07421,41224322.27691554
07422,12375210.927046755
07423,3179956.775468833
07444,474546.1930877858
07445,2643740.273395075
07446,1922626.4592186145
07447,39115030.0972677
07461,124580733.43660219
07464,23840417.992777877
07465,9629656.451609975
07466,50627828.60799535
07481,87955106.6188789
07482,80180864.16509987
07483,64965223.408436924
07484,88959494.62383772
07501,106142015.27736975
07502,37036473.38925574
07503,74573616.37404373
07504,31998236.152650755
07505,96312445.28013931
07521,65611073.81697429
07522,108882533.27492921
07541,40845381.63038412
07542,41196641.913258314
07543,51475199.41151572
07544,138331477.20841053
07545,51741487.81677005
07546,43021832.03286059
07547,89429164.563302
07548,31211446.050000194
07561,43362476.99931183
07564,114344566.73463972
08201,144742564.9512182
08202,128720244.05411881
08203,75873124.87064023
08204,54651123.06398727
08205,152260664.92631963
08207,35306816.912554346
08208,30734690.917634506
08210,49359460.65526305
08211,34810295.23363647
08212,243725044.3555681
08214,42777125.91497005
08215,25744666.796922676
08216,185510085.9025059
08217,11634368.484309737
08219,45563778.53344316
08220,151966365.7847205
08221,49313439.78389325
08222,24990176.827137627
08223,10712578.323257003
08224,5560117.1847872
08225,288182015.90002793
08226,86050525.35954292
08227,106481225.78392136
08228,48886260.579175085
08229,56212627.90895003
08230,107062233.22328635
08231,141617888.91737667
08232,17714860.567931626
08233,145183369.40653124
08234,179395517.61728698
08235,11589144.576813856
08236,114878947.646152
08302,89818646.39260457
08309,11427622.397261316
08310,95678792.762193
08341,26132122.164394274
08364,97749339.57857339
08442,25094527.504320245
08443,56485390.960611194
08447,16730501.090585649
08521,44211675.64497281
08542,8744956.438484874
08546,33651121.89129636
08564,15888316.936361644
09201,69237873.89261338
09202,2199637.3237952054
09203,59117587.33649673
09204,3257104.1265178993
09205,19940548.445495486
09206,45325865.72510282
09208,6338055.124861713
09209,13753225.16064747
09210,40974048.393443026
09211,29135689.873553544
09213,165007610.0844161
09214,57361261.603456214
09215,100512739.9572675
09216,17387187.222383346
09301,2753488.276611963
09342,11495159.673902072
09343,6526076.170853403
09344,3483683.7655952233
09345,11094998.721294396
09361,3024620.3176096943
09364,2108763.855491702
09384,18699974.105302997
09386,10275995.937463343
09407,12750176.102665257
09411,110658537.00200333
